order_id,delivery_location_id,priority,items_count,location_id,address,latitude,longitude,distance_to_DEPOT_km,distance_to_LOC001_km,distance_to_LOC002_km,distance_to_LOC003_km,distance_to_LOC004_km,distance_to_LOC005_km,distance_to_LOC006_km,distance_to_LOC007_km,distance_to_LOC008_km,distance_to_LOC009_km,distance_to_LOC010_km,distance_to_LOC011_km,distance_to_LOC012_km,distance_to_LOC013_km,distance_to_LOC014_km,distance_to_LOC015_km,distance_to_LOC016_km,distance_to_LOC017_km,distance_to_LOC018_km,distance_to_LOC019_km,distance_to_LOC020_km,distance_to_LOC021_km,distance_to_LOC022_km,distance_to_LOC023_km,distance_to_LOC024_km,distance_to_LOC025_km,distance_to_LOC026_km,distance_to_LOC027_km,distance_to_LOC028_km,distance_to_LOC029_km,distance_to_LOC030_km,distance_to_LOC031_km,distance_to_LOC032_km,distance_to_LOC033_km,distance_to_LOC034_km,distance_to_LOC035_km,distance_to_LOC036_km,distance_to_LOC037_km,distance_to_LOC038_km,distance_to_LOC039_km,distance_to_LOC040_km,travel_time_to_DEPOT_min,travel_time_to_LOC001_min,travel_time_to_LOC002_min,travel_time_to_LOC003_min,travel_time_to_LOC004_min,travel_time_to_LOC005_min,travel_time_to_LOC006_min,travel_time_to_LOC007_min,travel_time_to_LOC008_min,travel_time_to_LOC009_min,travel_time_to_LOC010_min,travel_time_to_LOC011_min,travel_time_to_LOC012_min,travel_time_to_LOC013_min,travel_time_to_LOC014_min,travel_time_to_LOC015_min,travel_time_to_LOC016_min,travel_time_to_LOC017_min,travel_time_to_LOC018_min,travel_time_to_LOC019_min,travel_time_to_LOC020_min,travel_time_to_LOC021_min,travel_time_to_LOC022_min,travel_time_to_LOC023_min,travel_time_to_LOC024_min,travel_time_to_LOC025_min,travel_time_to_LOC026_min,travel_time_to_LOC027_min,travel_time_to_LOC028_min,travel_time_to_LOC029_min,travel_time_to_LOC030_min,travel_time_to_LOC031_min,travel_time_to_LOC032_min,travel_time_to_LOC033_min,travel_time_to_LOC034_min,travel_time_to_LOC035_min,travel_time_to_LOC036_min,travel_time_to_LOC037_min,travel_time_to_LOC038_min,travel_time_to_LOC039_min,travel_time_to_LOC040_min,traffic_multiplier_to_DEPOT,traffic_multiplier_to_LOC001,traffic_multiplier_to_LOC002,traffic_multiplier_to_LOC003,traffic_multiplier_to_LOC004,traffic_multiplier_to_LOC005,traffic_multiplier_to_LOC006,traffic_multiplier_to_LOC007,traffic_multiplier_to_LOC008,traffic_multiplier_to_LOC009,traffic_multiplier_to_LOC010,traffic_multiplier_to_LOC011,traffic_multiplier_to_LOC012,traffic_multiplier_to_LOC013,traffic_multiplier_to_LOC014,traffic_multiplier_to_LOC015,traffic_multiplier_to_LOC016,traffic_multiplier_to_LOC017,traffic_multiplier_to_LOC018,traffic_multiplier_to_LOC019,traffic_multiplier_to_LOC020,traffic_multiplier_to_LOC021,traffic_multiplier_to_LOC022,traffic_multiplier_to_LOC023,traffic_multiplier_to_LOC024,traffic_multiplier_to_LOC025,traffic_multiplier_to_LOC026,traffic_multiplier_to_LOC027,traffic_multiplier_to_LOC028,traffic_multiplier_to_LOC029,traffic_multiplier_to_LOC030,traffic_multiplier_to_LOC031,traffic_multiplier_to_LOC032,traffic_multiplier_to_LOC033,traffic_multiplier_to_LOC034,traffic_multiplier_to_LOC035,traffic_multiplier_to_LOC036,traffic_multiplier_to_LOC037,traffic_multiplier_to_LOC038,traffic_multiplier_to_LOC039,traffic_multiplier_to_LOC040
ORD1032,LOC001,2.0,5.0,LOC001,"145 Hill Canyon, Dicksonport, ID 26611",25.13555615636721,55.333572145889896,8.56,0.0,17.12,14.41,22.83,8.53,23.56,16.11,3.83,22.12,6.24,10.6,6.25,5.15,10.46,13.63,2.35,11.47,9.92,6.41,17.43,5.5,13.77,10.69,6.2,4.31,7.91,5.46,22.27,23.46,13.25,2.36,8.26,12.62,13.47,8.11,3.49,4.77,14.46,17.42,23.29,14.8,0.0,27.7,23.6,36.2,14.8,37.3,26.2,7.7,35.2,11.4,17.9,11.4,9.7,17.7,22.4,5.5,19.2,16.9,11.6,28.1,10.2,22.7,18.0,11.3,8.5,13.9,10.2,35.4,37.2,21.9,5.5,14.4,20.9,22.2,14.2,7.2,9.2,23.7,28.1,36.9,2.24,1.0,1.12,1.79,1.26,1.98,1.73,2.22,1.25,1.08,2.1,2.01,1.99,1.85,1.7,1.44,1.99,2.41,2.29,1.82,2.41,1.31,1.91,1.29,1.33,1.56,1.94,1.94,1.43,2.02,1.75,1.33,1.42,1.85,2.44,2.47,2.34,1.31,2.01,1.3,1.94
ORD1033,LOC001,3.0,2.0,LOC001,"145 Hill Canyon, Dicksonport, ID 26611",25.13555615636721,55.333572145889896,8.56,0.0,17.12,14.41,22.83,8.53,23.56,16.11,3.83,22.12,6.24,10.6,6.25,5.15,10.46,13.63,2.35,11.47,9.92,6.41,17.43,5.5,13.77,10.69,6.2,4.31,7.91,5.46,22.27,23.46,13.25,2.36,8.26,12.62,13.47,8.11,3.49,4.77,14.46,17.42,23.29,14.8,0.0,27.7,23.6,36.2,14.8,37.3,26.2,7.7,35.2,11.4,17.9,11.4,9.7,17.7,22.4,5.5,19.2,16.9,11.6,28.1,10.2,22.7,18.0,11.3,8.5,13.9,10.2,35.4,37.2,21.9,5.5,14.4,20.9,22.2,14.2,7.2,9.2,23.7,28.1,36.9,2.24,1.0,1.12,1.79,1.26,1.98,1.73,2.22,1.25,1.08,2.1,2.01,1.99,1.85,1.7,1.44,1.99,2.41,2.29,1.82,2.41,1.31,1.91,1.29,1.33,1.56,1.94,1.94,1.43,2.02,1.75,1.33,1.42,1.85,2.44,2.47,2.34,1.31,2.01,1.3,1.94
ORD1037,LOC002,2.0,3.0,LOC002,"31371 Cassandra Cape Suite 088, West Melissaview, PR 32360",25.01417442266575,55.22895984353431,15.25,17.12,0.0,11.32,16.62,24.7,10.96,4.99,18.72,15.0,19.76,23.8,11.56,13.85,26.69,4.01,19.07,7.96,15.59,11.39,26.03,21.78,15.52,27.15,22.96,20.01,16.6,11.68,22.69,16.05,4.56,19.35,18.16,5.15,8.23,24.12,20.51,20.79,20.65,25.17,14.61,24.9,27.7,0.0,19.0,26.9,39.1,18.4,9.5,30.1,24.5,31.6,37.7,19.3,22.8,42.0,8.0,30.6,13.9,25.4,19.1,41.0,34.7,25.3,42.7,36.4,32.0,26.9,19.5,36.0,26.1,8.8,31.0,29.2,9.7,14.3,38.2,32.8,33.2,33.0,39.8,23.9,2.47,2.05,1.0,1.15,2.11,1.75,1.02,2.45,1.5,1.33,1.12,1.65,2.49,1.72,1.03,1.73,2.05,1.34,1.79,2.13,1.13,1.37,1.74,1.09,1.39,1.02,1.09,2.33,2.2,1.53,1.24,1.17,1.97,2.44,2.38,1.54,2.16,1.75,1.03,1.39,1.48
ORD1050,LOC002,3.0,4.0,LOC002,"31371 Cassandra Cape Suite 088, West Melissaview, PR 32360",25.01417442266575,55.22895984353431,15.25,17.12,0.0,11.32,16.62,24.7,10.96,4.99,18.72,15.0,19.76,23.8,11.56,13.85,26.69,4.01,19.07,7.96,15.59,11.39,26.03,21.78,15.52,27.15,22.96,20.01,16.6,11.68,22.69,16.05,4.56,19.35,18.16,5.15,8.23,24.12,20.51,20.79,20.65,25.17,14.61,24.9,27.7,0.0,19.0,26.9,39.1,18.4,9.5,30.1,24.5,31.6,37.7,19.3,22.8,42.0,8.0,30.6,13.9,25.4,19.1,41.0,34.7,25.3,42.7,36.4,32.0,26.9,19.5,36.0,26.1,8.8,31.0,29.2,9.7,14.3,38.2,32.8,33.2,33.0,39.8,23.9,2.47,2.05,1.0,1.15,2.11,1.75,1.02,2.45,1.5,1.33,1.12,1.65,2.49,1.72,1.03,1.73,2.05,1.34,1.79,2.13,1.13,1.37,1.74,1.09,1.39,1.02,1.09,2.33,2.2,1.53,1.24,1.17,1.97,2.44,2.38,1.54,2.16,1.75,1.03,1.39,1.48
ORD1012,LOC003,1.0,1.0,LOC003,"1194 Brandt Centers, North Linda, CT 72248",25.110621784736782,55.1930748869987,7.21,14.41,11.32,0.0,8.6,18.63,10.39,6.56,13.45,7.73,13.05,15.58,8.75,14.83,20.37,8.12,15.12,4.96,19.5,8.65,15.38,19.9,21.61,21.08,20.4,18.65,8.75,10.63,11.69,9.07,7.66,16.65,10.05,7.48,3.25,17.99,16.61,15.53,9.93,14.36,8.9,12.8,23.6,19.0,0.0,14.9,29.9,17.6,11.8,22.2,13.6,21.6,25.4,15.1,24.2,32.6,14.2,24.7,9.4,31.2,15.0,25.1,31.8,34.4,33.6,32.6,30.0,15.1,17.9,19.5,15.6,13.5,27.0,17.1,13.2,6.9,29.0,26.9,25.3,16.9,23.5,15.4,1.69,2.48,1.69,1.0,1.63,1.14,1.16,1.59,2.3,1.72,1.9,2.11,2.19,2.1,1.65,2.26,2.38,1.86,1.26,1.99,2.06,2.29,1.77,2.49,1.59,2.06,2.33,1.39,1.52,2.17,2.34,2.47,1.08,2.44,1.03,1.35,1.55,1.7,1.06,1.36,2.5
ORD1057,LOC003,2.0,5.0,LOC003,"1194 Brandt Centers, North Linda, CT 72248",25.110621784736782,55.1930748869987,7.21,14.41,11.32,0.0,8.6,18.63,10.39,6.56,13.45,7.73,13.05,15.58,8.75,14.83,20.37,8.12,15.12,4.96,19.5,8.65,15.38,19.9,21.61,21.08,20.4,18.65,8.75,10.63,11.69,9.07,7.66,16.65,10.05,7.48,3.25,17.99,16.61,15.53,9.93,14.36,8.9,12.8,23.6,19.0,0.0,14.9,29.9,17.6,11.8,22.2,13.6,21.6,25.4,15.1,24.2,32.6,14.2,24.7,9.4,31.2,15.0,25.1,31.8,34.4,33.6,32.6,30.0,15.1,17.9,19.5,15.6,13.5,27.0,17.1,13.2,6.9,29.0,26.9,25.3,16.9,23.5,15.4,1.69,2.48,1.69,1.0,1.63,1.14,1.16,1.59,2.3,1.72,1.9,2.11,2.19,2.1,1.65,2.26,2.38,1.86,1.26,1.99,2.06,2.29,1.77,2.49,1.59,2.06,2.33,1.39,1.52,2.17,2.34,2.47,1.08,2.44,1.03,1.35,1.55,1.7,1.06,1.36,2.5
ORD1062,LOC003,3.0,2.0,LOC003,"1194 Brandt Centers, North Linda, CT 72248",25.110621784736782,55.1930748869987,7.21,14.41,11.32,0.0,8.6,18.63,10.39,6.56,13.45,7.73,13.05,15.58,8.75,14.83,20.37,8.12,15.12,4.96,19.5,8.65,15.38,19.9,21.61,21.08,20.4,18.65,8.75,10.63,11.69,9.07,7.66,16.65,10.05,7.48,3.25,17.99,16.61,15.53,9.93,14.36,8.9,12.8,23.6,19.0,0.0,14.9,29.9,17.6,11.8,22.2,13.6,21.6,25.4,15.1,24.2,32.6,14.2,24.7,9.4,31.2,15.0,25.1,31.8,34.4,33.6,32.6,30.0,15.1,17.9,19.5,15.6,13.5,27.0,17.1,13.2,6.9,29.0,26.9,25.3,16.9,23.5,15.4,1.69,2.48,1.69,1.0,1.63,1.14,1.16,1.59,2.3,1.72,1.9,2.11,2.19,2.1,1.65,2.26,2.38,1.86,1.26,1.99,2.06,2.29,1.77,2.49,1.59,2.06,2.33,1.39,1.52,2.17,2.34,2.47,1.08,2.44,1.03,1.35,1.55,1.7,1.06,1.36,2.5
ORD1072,LOC003,2.0,4.0,LOC003,"1194 Brandt Centers, North Linda, CT 72248",25.110621784736782,55.1930748869987,7.21,14.41,11.32,0.0,8.6,18.63,10.39,6.56,13.45,7.73,13.05,15.58,8.75,14.83,20.37,8.12,15.12,4.96,19.5,8.65,15.38,19.9,21.61,21.08,20.4,18.65,8.75,10.63,11.69,9.07,7.66,16.65,10.05,7.48,3.25,17.99,16.61,15.53,9.93,14.36,8.9,12.8,23.6,19.0,0.0,14.9,29.9,17.6,11.8,22.2,13.6,21.6,25.4,15.1,24.2,32.6,14.2,24.7,9.4,31.2,15.0,25.1,31.8,34.4,33.6,32.6,30.0,15.1,17.9,19.5,15.6,13.5,27.0,17.1,13.2,6.9,29.0,26.9,25.3,16.9,23.5,15.4,1.69,2.48,1.69,1.0,1.63,1.14,1.16,1.59,2.3,1.72,1.9,2.11,2.19,2.1,1.65,2.26,2.38,1.86,1.26,1.99,2.06,2.29,1.77,2.49,1.59,2.06,2.33,1.39,1.52,2.17,2.34,2.47,1.08,2.44,1.03,1.35,1.55,1.7,1.06,1.36,2.5
ORD1031,LOC004,3.0,1.0,LOC004,"7149 Warren Trace, Shannontown, MN 32731",25.11561884194652,55.10782855131114,14.81,22.83,16.62,8.6,0.0,25.75,8.46,11.87,21.33,1.67,20.37,21.6,17.35,23.41,27.22,14.96,23.25,13.13,27.91,17.25,18.09,28.26,29.67,28.02,28.62,27.12,16.13,19.23,8.79,1.47,14.7,24.98,17.0,14.79,10.91,25.13,24.68,23.23,13.7,16.82,3.14,24.2,36.2,26.9,14.9,0.0,40.6,14.7,19.8,34.0,4.5,32.6,34.4,28.0,37.1,42.8,24.4,36.9,21.7,43.9,27.9,29.1,44.4,46.5,44.0,44.9,42.7,26.2,30.8,15.2,4.2,24.1,39.5,27.5,24.2,18.4,39.7,39.0,36.8,22.6,27.2,6.7,1.42,1.32,1.87,1.44,1.0,1.63,2.37,2.02,2.16,2.12,2.31,1.57,2.3,1.58,1.42,1.63,1.95,2.28,1.12,2.07,1.57,1.01,1.28,1.08,2.41,1.37,2.32,2.12,1.2,2.11,1.09,1.44,1.28,2.29,1.85,1.74,2.05,1.49,1.88,1.92,2.08
ORD1056,LOC004,2.0,1.0,LOC004,"7149 Warren Trace, Shannontown, MN 32731",25.11561884194652,55.10782855131114,14.81,22.83,16.62,8.6,0.0,25.75,8.46,11.87,21.33,1.67,20.37,21.6,17.35,23.41,27.22,14.96,23.25,13.13,27.91,17.25,18.09,28.26,29.67,28.02,28.62,27.12,16.13,19.23,8.79,1.47,14.7,24.98,17.0,14.79,10.91,25.13,24.68,23.23,13.7,16.82,3.14,24.2,36.2,26.9,14.9,0.0,40.6,14.7,19.8,34.0,4.5,32.6,34.4,28.0,37.1,42.8,24.4,36.9,21.7,43.9,27.9,29.1,44.4,46.5,44.0,44.9,42.7,26.2,30.8,15.2,4.2,24.1,39.5,27.5,24.2,18.4,39.7,39.0,36.8,22.6,27.2,6.7,1.42,1.32,1.87,1.44,1.0,1.63,2.37,2.02,2.16,2.12,2.31,1.57,2.3,1.58,1.42,1.63,1.95,2.28,1.12,2.07,1.57,1.01,1.28,1.08,2.41,1.37,2.32,2.12,1.2,2.11,1.09,1.44,1.28,2.29,1.85,1.74,2.05,1.49,1.88,1.92,2.08
ORD1010,LOC005,2.0,5.0,LOC005,"6595 Charles Grove, North Karen, LA 81245",25.212053807544414,55.34040344978827,11.42,8.53,24.7,18.63,25.75,0.0,28.9,22.53,5.98,25.57,5.58,5.39,13.14,13.63,2.0,20.85,6.19,17.68,17.8,13.31,13.45,8.42,21.77,2.51,7.25,9.32,9.89,13.32,22.08,26.76,20.37,7.39,8.78,19.73,19.08,0.64,5.32,3.97,13.39,14.06,27.15,19.1,14.8,39.1,29.9,40.6,0.0,45.4,35.8,11.0,40.4,10.4,10.1,21.7,22.4,5.0,33.3,11.3,28.5,28.7,22.0,22.2,14.6,34.7,5.8,12.9,16.0,16.8,22.0,35.1,42.1,32.6,13.1,15.2,31.6,30.6,3.0,10.0,8.0,22.1,23.1,42.7,2.26,2.39,1.17,1.37,1.25,1.0,1.71,2.39,2.27,2.17,1.46,1.1,1.29,1.12,1.95,1.53,2.19,2.34,1.56,1.69,2.4,1.92,1.78,1.82,1.81,1.81,1.29,2.39,1.52,2.18,1.92,1.95,2.07,2.02,1.93,1.4,2.48,1.39,2.27,1.57,2.44
ORD1028,LOC005,2.0,5.0,LOC005,"6595 Charles Grove, North Karen, LA 81245",25.212053807544414,55.34040344978827,11.42,8.53,24.7,18.63,25.75,0.0,28.9,22.53,5.98,25.57,5.58,5.39,13.14,13.63,2.0,20.85,6.19,17.68,17.8,13.31,13.45,8.42,21.77,2.51,7.25,9.32,9.89,13.32,22.08,26.76,20.37,7.39,8.78,19.73,19.08,0.64,5.32,3.97,13.39,14.06,27.15,19.1,14.8,39.1,29.9,40.6,0.0,45.4,35.8,11.0,40.4,10.4,10.1,21.7,22.4,5.0,33.3,11.3,28.5,28.7,22.0,22.2,14.6,34.7,5.8,12.9,16.0,16.8,22.0,35.1,42.1,32.6,13.1,15.2,31.6,30.6,3.0,10.0,8.0,22.1,23.1,42.7,2.26,2.39,1.17,1.37,1.25,1.0,1.71,2.39,2.27,2.17,1.46,1.1,1.29,1.12,1.95,1.53,2.19,2.34,1.56,1.69,2.4,1.92,1.78,1.82,1.81,1.81,1.29,2.39,1.52,2.18,1.92,1.95,2.07,2.02,1.93,1.4,2.48,1.39,2.27,1.57,2.44
ORD1038,LOC005,3.0,2.0,LOC005,"6595 Charles Grove, North Karen, LA 81245",25.212053807544414,55.34040344978827,11.42,8.53,24.7,18.63,25.75,0.0,28.9,22.53,5.98,25.57,5.58,5.39,13.14,13.63,2.0,20.85,6.19,17.68,17.8,13.31,13.45,8.42,21.77,2.51,7.25,9.32,9.89,13.32,22.08,26.76,20.37,7.39,8.78,19.73,19.08,0.64,5.32,3.97,13.39,14.06,27.15,19.1,14.8,39.1,29.9,40.6,0.0,45.4,35.8,11.0,40.4,10.4,10.1,21.7,22.4,5.0,33.3,11.3,28.5,28.7,22.0,22.2,14.6,34.7,5.8,12.9,16.0,16.8,22.0,35.1,42.1,32.6,13.1,15.2,31.6,30.6,3.0,10.0,8.0,22.1,23.1,42.7,2.26,2.39,1.17,1.37,1.25,1.0,1.71,2.39,2.27,2.17,1.46,1.1,1.29,1.12,1.95,1.53,2.19,2.34,1.56,1.69,2.4,1.92,1.78,1.82,1.81,1.81,1.29,2.39,1.52,2.18,1.92,1.95,2.07,2.02,1.93,1.4,2.48,1.39,2.27,1.57,2.44
ORD1017,LOC006,2.0,3.0,LOC006,"0956 Andrew Parks Suite 617, Susantown, TX 26409",25.04100518030486,55.12423787770106,17.53,23.56,10.96,10.39,8.46,28.9,0.0,8.0,23.43,6.93,23.33,25.96,17.33,22.25,30.69,11.42,24.76,12.11,25.5,17.17,24.65,28.97,26.16,31.38,29.75,27.45,19.09,18.62,16.98,7.21,11.48,25.91,20.43,11.92,10.12,28.26,26.3,25.57,19.48,23.47,5.4,28.3,37.3,18.4,17.6,14.7,45.4,0.0,14.0,37.1,12.4,37.0,40.9,28.0,35.4,48.0,19.1,39.1,20.2,40.2,27.8,39.0,45.5,41.2,49.1,46.6,43.2,30.6,29.9,27.5,12.8,19.2,40.9,32.6,19.9,17.2,44.4,41.5,40.4,31.2,37.2,10.1,1.11,1.29,1.48,1.91,2.3,1.27,1.0,1.88,2.24,1.5,1.47,1.1,2.08,1.84,1.39,2.21,2.45,2.14,1.52,1.14,2.48,1.95,1.05,1.88,1.1,2.28,1.97,1.42,1.98,2.16,1.43,2.36,1.19,2.27,2.43,1.05,1.27,1.39,1.51,1.29,2.34
ORD1061,LOC006,2.0,2.0,LOC006,"0956 Andrew Parks Suite 617, Susantown, TX 26409",25.04100518030486,55.12423787770106,17.53,23.56,10.96,10.39,8.46,28.9,0.0,8.0,23.43,6.93,23.33,25.96,17.33,22.25,30.69,11.42,24.76,12.11,25.5,17.17,24.65,28.97,26.16,31.38,29.75,27.45,19.09,18.62,16.98,7.21,11.48,25.91,20.43,11.92,10.12,28.26,26.3,25.57,19.48,23.47,5.4,28.3,37.3,18.4,17.6,14.7,45.4,0.0,14.0,37.1,12.4,37.0,40.9,28.0,35.4,48.0,19.1,39.1,20.2,40.2,27.8,39.0,45.5,41.2,49.1,46.6,43.2,30.6,29.9,27.5,12.8,19.2,40.9,32.6,19.9,17.2,44.4,41.5,40.4,31.2,37.2,10.1,1.11,1.29,1.48,1.91,2.3,1.27,1.0,1.88,2.24,1.5,1.47,1.1,2.08,1.84,1.39,2.21,2.45,2.14,1.52,1.14,2.48,1.95,1.05,1.88,1.1,2.28,1.97,1.42,1.98,2.16,1.43,2.36,1.19,2.27,2.43,1.05,1.27,1.39,1.51,1.29,2.34
ORD1073,LOC006,2.0,5.0,LOC006,"0956 Andrew Parks Suite 617, Susantown, TX 26409",25.04100518030486,55.12423787770106,17.53,23.56,10.96,10.39,8.46,28.9,0.0,8.0,23.43,6.93,23.33,25.96,17.33,22.25,30.69,11.42,24.76,12.11,25.5,17.17,24.65,28.97,26.16,31.38,29.75,27.45,19.09,18.62,16.98,7.21,11.48,25.91,20.43,11.92,10.12,28.26,26.3,25.57,19.48,23.47,5.4,28.3,37.3,18.4,17.6,14.7,45.4,0.0,14.0,37.1,12.4,37.0,40.9,28.0,35.4,48.0,19.1,39.1,20.2,40.2,27.8,39.0,45.5,41.2,49.1,46.6,43.2,30.6,29.9,27.5,12.8,19.2,40.9,32.6,19.9,17.2,44.4,41.5,40.4,31.2,37.2,10.1,1.11,1.29,1.48,1.91,2.3,1.27,1.0,1.88,2.24,1.5,1.47,1.1,2.08,1.84,1.39,2.21,2.45,2.14,1.52,1.14,2.48,1.95,1.05,1.88,1.1,2.28,1.97,1.42,1.98,2.16,1.43,2.36,1.19,2.27,2.43,1.05,1.27,1.39,1.51,1.29,2.34
ORD1074,LOC006,3.0,3.0,LOC006,"0956 Andrew Parks Suite 617, Susantown, TX 26409",25.04100518030486,55.12423787770106,17.53,23.56,10.96,10.39,8.46,28.9,0.0,8.0,23.43,6.93,23.33,25.96,17.33,22.25,30.69,11.42,24.76,12.11,25.5,17.17,24.65,28.97,26.16,31.38,29.75,27.45,19.09,18.62,16.98,7.21,11.48,25.91,20.43,11.92,10.12,28.26,26.3,25.57,19.48,23.47,5.4,28.3,37.3,18.4,17.6,14.7,45.4,0.0,14.0,37.1,12.4,37.0,40.9,28.0,35.4,48.0,19.1,39.1,20.2,40.2,27.8,39.0,45.5,41.2,49.1,46.6,43.2,30.6,29.9,27.5,12.8,19.2,40.9,32.6,19.9,17.2,44.4,41.5,40.4,31.2,37.2,10.1,1.11,1.29,1.48,1.91,2.3,1.27,1.0,1.88,2.24,1.5,1.47,1.1,2.08,1.84,1.39,2.21,2.45,2.14,1.52,1.14,2.48,1.95,1.05,1.88,1.1,2.28,1.97,1.42,1.98,2.16,1.43,2.36,1.19,2.27,2.43,1.05,1.27,1.39,1.51,1.29,2.34
ORD1075,LOC006,2.0,4.0,LOC006,"0956 Andrew Parks Suite 617, Susantown, TX 26409",25.04100518030486,55.12423787770106,17.53,23.56,10.96,10.39,8.46,28.9,0.0,8.0,23.43,6.93,23.33,25.96,17.33,22.25,30.69,11.42,24.76,12.11,25.5,17.17,24.65,28.97,26.16,31.38,29.75,27.45,19.09,18.62,16.98,7.21,11.48,25.91,20.43,11.92,10.12,28.26,26.3,25.57,19.48,23.47,5.4,28.3,37.3,18.4,17.6,14.7,45.4,0.0,14.0,37.1,12.4,37.0,40.9,28.0,35.4,48.0,19.1,39.1,20.2,40.2,27.8,39.0,45.5,41.2,49.1,46.6,43.2,30.6,29.9,27.5,12.8,19.2,40.9,32.6,19.9,17.2,44.4,41.5,40.4,31.2,37.2,10.1,1.11,1.29,1.48,1.91,2.3,1.27,1.0,1.88,2.24,1.5,1.47,1.1,2.08,1.84,1.39,2.21,2.45,2.14,1.52,1.14,2.48,1.95,1.05,1.88,1.1,2.28,1.97,1.42,1.98,2.16,1.43,2.36,1.19,2.27,2.43,1.05,1.27,1.39,1.51,1.29,2.34
ORD1080,LOC006,2.0,5.0,LOC006,"0956 Andrew Parks Suite 617, Susantown, TX 26409",25.04100518030486,55.12423787770106,17.53,23.56,10.96,10.39,8.46,28.9,0.0,8.0,23.43,6.93,23.33,25.96,17.33,22.25,30.69,11.42,24.76,12.11,25.5,17.17,24.65,28.97,26.16,31.38,29.75,27.45,19.09,18.62,16.98,7.21,11.48,25.91,20.43,11.92,10.12,28.26,26.3,25.57,19.48,23.47,5.4,28.3,37.3,18.4,17.6,14.7,45.4,0.0,14.0,37.1,12.4,37.0,40.9,28.0,35.4,48.0,19.1,39.1,20.2,40.2,27.8,39.0,45.5,41.2,49.1,46.6,43.2,30.6,29.9,27.5,12.8,19.2,40.9,32.6,19.9,17.2,44.4,41.5,40.4,31.2,37.2,10.1,1.11,1.29,1.48,1.91,2.3,1.27,1.0,1.88,2.24,1.5,1.47,1.1,2.08,1.84,1.39,2.21,2.45,2.14,1.52,1.14,2.48,1.95,1.05,1.88,1.1,2.28,1.97,1.42,1.98,2.16,1.43,2.36,1.19,2.27,2.43,1.05,1.27,1.39,1.51,1.29,2.34
ORD1004,LOC007,2.0,3.0,LOC007,"114 Stevenson Viaduct Suite 613, West David, FM 77456",25.052270801508133,55.20271642350873,11.86,16.11,4.99,6.56,11.87,22.53,8.0,0.0,16.68,10.33,17.16,20.67,9.9,14.29,24.46,3.49,17.62,4.86,17.55,9.72,21.76,21.36,18.5,25.04,22.28,19.75,13.38,10.88,17.71,11.49,3.48,18.47,14.91,3.92,3.9,21.91,19.15,18.85,16.31,20.81,10.26,19.8,26.2,9.5,11.8,19.8,35.8,14.0,0.0,27.0,17.5,27.7,33.0,16.9,23.4,38.7,7.2,28.4,9.3,28.3,16.6,34.6,34.0,29.8,39.6,35.4,31.6,22.1,18.3,28.6,19.2,7.2,29.7,24.4,7.9,7.9,34.9,30.7,30.3,26.5,33.2,17.4,1.6,1.36,1.84,1.43,1.71,1.99,2.45,1.0,1.63,1.95,1.57,1.9,1.98,2.47,1.72,1.46,1.04,2.29,1.61,1.67,1.88,1.76,2.26,1.54,2.11,1.03,2.3,2.07,1.57,1.86,1.95,1.6,1.9,1.34,1.07,1.85,1.01,2.46,1.48,1.86,2.39
ORD1009,LOC007,3.0,2.0,LOC007,"114 Stevenson Viaduct Suite 613, West David, FM 77456",25.052270801508133,55.20271642350873,11.86,16.11,4.99,6.56,11.87,22.53,8.0,0.0,16.68,10.33,17.16,20.67,9.9,14.29,24.46,3.49,17.62,4.86,17.55,9.72,21.76,21.36,18.5,25.04,22.28,19.75,13.38,10.88,17.71,11.49,3.48,18.47,14.91,3.92,3.9,21.91,19.15,18.85,16.31,20.81,10.26,19.8,26.2,9.5,11.8,19.8,35.8,14.0,0.0,27.0,17.5,27.7,33.0,16.9,23.4,38.7,7.2,28.4,9.3,28.3,16.6,34.6,34.0,29.8,39.6,35.4,31.6,22.1,18.3,28.6,19.2,7.2,29.7,24.4,7.9,7.9,34.9,30.7,30.3,26.5,33.2,17.4,1.6,1.36,1.84,1.43,1.71,1.99,2.45,1.0,1.63,1.95,1.57,1.9,1.98,2.47,1.72,1.46,1.04,2.29,1.61,1.67,1.88,1.76,2.26,1.54,2.11,1.03,2.3,2.07,1.57,1.86,1.95,1.6,1.9,1.34,1.07,1.85,1.01,2.46,1.48,1.86,2.39
ORD1024,LOC007,1.0,2.0,LOC007,"114 Stevenson Viaduct Suite 613, West David, FM 77456",25.052270801508133,55.20271642350873,11.86,16.11,4.99,6.56,11.87,22.53,8.0,0.0,16.68,10.33,17.16,20.67,9.9,14.29,24.46,3.49,17.62,4.86,17.55,9.72,21.76,21.36,18.5,25.04,22.28,19.75,13.38,10.88,17.71,11.49,3.48,18.47,14.91,3.92,3.9,21.91,19.15,18.85,16.31,20.81,10.26,19.8,26.2,9.5,11.8,19.8,35.8,14.0,0.0,27.0,17.5,27.7,33.0,16.9,23.4,38.7,7.2,28.4,9.3,28.3,16.6,34.6,34.0,29.8,39.6,35.4,31.6,22.1,18.3,28.6,19.2,7.2,29.7,24.4,7.9,7.9,34.9,30.7,30.3,26.5,33.2,17.4,1.6,1.36,1.84,1.43,1.71,1.99,2.45,1.0,1.63,1.95,1.57,1.9,1.98,2.47,1.72,1.46,1.04,2.29,1.61,1.67,1.88,1.76,2.26,1.54,2.11,1.03,2.3,2.07,1.57,1.86,1.95,1.6,1.9,1.34,1.07,1.85,1.01,2.46,1.48,1.86,2.39
,,,,LOC008,"598 Lauren Brook, Amberville, NE 88992",25.164389646428933,55.312814341514205,6.52,3.83,18.72,13.45,21.33,5.98,23.43,16.68,0.0,20.88,2.43,6.82,7.15,8.72,7.97,14.87,2.33,11.83,13.72,7.33,13.69,7.59,17.53,8.45,7.51,7.19,5.32,7.47,19.49,22.16,14.4,4.55,5.07,13.76,13.4,5.41,3.43,2.17,11.21,13.76,22.28,11.8,7.7,30.1,22.2,34.0,11.0,37.1,27.0,0.0,33.3,5.6,12.2,12.7,15.1,14.0,24.3,5.5,19.7,22.6,13.0,22.5,13.4,28.3,14.7,13.3,12.8,10.0,13.2,31.2,35.2,23.6,8.8,9.6,22.6,22.1,10.1,7.1,5.3,18.8,22.6,35.4,1.66,1.95,1.9,2.32,1.55,1.95,1.5,1.4,1.0,1.26,1.33,1.95,2.12,1.23,1.65,1.68,1.57,1.84,1.55,2.24,2.33,2.24,2.4,2.39,1.83,2.34,1.09,1.69,2.14,1.04,1.79,1.08,1.22,2.19,2.33,1.2,1.54,1.84,1.12,2.31,1.6
,,,,LOC009,"Unit 8843 Box 3745, DPO AP 07921",25.102938427084283,55.11679720107151,14.39,22.12,15.0,7.73,1.67,25.57,6.93,10.33,20.88,0.0,20.1,21.68,16.43,22.38,27.13,13.5,22.7,11.95,26.72,16.32,18.77,27.6,28.34,27.91,28.04,26.37,15.79,18.24,10.1,1.35,13.27,24.33,16.79,13.41,9.69,24.94,24.16,22.85,14.09,17.53,1.92,23.6,35.2,24.5,13.6,4.5,40.4,12.4,17.5,33.3,0.0,32.2,34.5,26.6,35.6,42.7,22.2,36.1,19.9,42.1,26.5,30.2,43.4,44.5,43.9,44.1,41.6,25.7,29.4,17.1,4.0,21.9,38.5,27.2,22.1,16.5,39.4,38.2,36.3,23.1,28.3,4.9,1.89,1.01,1.12,2.48,1.82,2.37,2.14,1.38,1.46,1.0,1.35,1.52,1.39,1.26,1.43,1.47,1.05,1.96,1.97,1.5,1.13,2.47,1.86,1.53,1.89,1.73,1.78,1.08,2.35,1.57,1.53,1.76,1.62,1.12,1.39,1.96,2.15,2.24,2.2,1.94,1.52
ORD1066,LOC010,2.0,5.0,LOC010,"510 Graves Spurs Apt. 479, South Susanmouth, NH 17976",25.18087005368818,55.29694000162196,5.84,6.24,19.76,13.05,20.37,5.58,23.33,17.16,2.43,20.1,0.0,4.6,8.35,10.99,7.38,15.8,4.63,12.35,16.1,8.51,11.28,9.67,19.86,8.05,9.33,9.49,4.33,9.15,17.68,21.32,15.29,6.85,3.42,14.66,13.58,4.94,5.35,3.15,9.16,11.39,21.63,10.8,11.4,31.6,21.6,32.6,10.4,37.0,27.7,5.6,32.2,0.0,8.9,14.5,18.5,13.1,25.7,8.9,20.5,26.2,14.8,18.9,16.5,31.8,14.1,16.0,16.2,8.5,15.7,28.5,34.0,24.9,12.3,7.1,24.0,22.4,9.4,10.0,6.7,15.7,19.1,34.4,2.04,2.12,1.34,2.43,1.5,2.38,1.78,2.31,1.94,1.29,1.0,1.88,1.07,2.43,1.3,1.4,2.05,2.14,2.23,2.26,2.22,1.54,1.56,1.19,1.38,1.77,1.28,2.1,1.93,1.61,1.73,1.26,2.01,1.8,1.79,1.28,1.82,1.98,2.1,1.87,2.39
ORD1071,LOC010,3.0,2.0,LOC010,"510 Graves Spurs Apt. 479, South Susanmouth, NH 17976",25.18087005368818,55.29694000162196,5.84,6.24,19.76,13.05,20.37,5.58,23.33,17.16,2.43,20.1,0.0,4.6,8.35,10.99,7.38,15.8,4.63,12.35,16.1,8.51,11.28,9.67,19.86,8.05,9.33,9.49,4.33,9.15,17.68,21.32,15.29,6.85,3.42,14.66,13.58,4.94,5.35,3.15,9.16,11.39,21.63,10.8,11.4,31.6,21.6,32.6,10.4,37.0,27.7,5.6,32.2,0.0,8.9,14.5,18.5,13.1,25.7,8.9,20.5,26.2,14.8,18.9,16.5,31.8,14.1,16.0,16.2,8.5,15.7,28.5,34.0,24.9,12.3,7.1,24.0,22.4,9.4,10.0,6.7,15.7,19.1,34.4,2.04,2.12,1.34,2.43,1.5,2.38,1.78,2.31,1.94,1.29,1.0,1.88,1.07,2.43,1.3,1.4,2.05,2.14,2.23,2.26,2.22,1.54,1.56,1.19,1.38,1.77,1.28,2.1,1.93,1.61,1.73,1.26,2.01,1.8,1.79,1.28,1.82,1.98,2.1,1.87,2.39
ORD1055,LOC011,1.0,5.0,LOC011,"846 Michelle Inlet, Timothyport, ID 86274",25.22142408668554,55.287866394926965,8.81,10.6,23.8,15.58,21.6,5.39,25.96,20.67,6.82,21.68,4.6,0.0,12.71,15.53,6.07,19.79,8.58,16.05,20.52,12.86,8.11,12.78,24.35,6.94,11.96,13.11,7.3,13.69,16.98,22.76,19.25,10.62,5.76,18.65,16.87,5.0,8.68,6.28,8.4,8.67,23.41,15.2,17.9,37.7,25.4,34.4,10.1,40.9,33.0,12.2,34.5,8.9,0.0,21.1,25.3,11.1,31.7,14.9,26.1,32.8,21.3,14.2,21.2,38.5,12.4,19.9,21.7,13.0,22.5,27.5,36.1,30.9,17.9,10.6,30.0,27.3,9.5,15.0,11.4,14.6,15.0,37.1,1.41,1.88,2.29,1.63,1.43,2.39,2.0,1.5,1.96,2.32,1.08,1.0,2.48,1.62,1.84,1.15,1.23,2.26,2.32,1.15,2.4,1.6,1.57,1.23,2.09,1.62,2.04,2.19,2.02,1.45,1.85,2.02,1.22,1.27,1.93,1.55,2.36,1.72,1.08,1.55,1.42
ORD1015,LOC012,2.0,1.0,LOC012,"58820 Jason Tunnel Suite 382, Ernestland, SD 72179",25.10737326639905,55.27991438980376,5.62,6.25,11.56,8.75,17.35,13.14,17.33,9.9,7.15,16.43,8.35,12.71,0.0,6.23,15.13,7.74,7.75,5.23,11.35,0.18,17.01,11.65,14.21,15.6,12.44,10.18,6.26,2.05,18.58,17.79,7.29,8.61,7.64,6.65,7.29,12.56,9.27,9.24,12.48,16.55,17.41,10.4,11.4,19.3,15.1,28.0,21.7,28.0,16.9,12.7,26.6,14.5,21.1,0.0,11.3,24.7,13.6,13.6,9.8,19.0,3.0,27.5,19.5,23.3,25.4,20.7,17.3,11.4,5.1,29.9,28.7,12.9,14.9,13.5,12.0,12.9,20.8,15.9,15.9,20.7,26.8,28.1,1.27,1.74,1.68,1.45,1.58,1.3,1.27,2.25,1.83,2.31,1.52,1.74,1.0,2.11,1.44,2.21,1.96,1.36,1.12,1.93,1.7,1.37,1.67,2.0,1.11,1.2,1.01,1.51,1.69,1.49,1.07,2.43,1.02,1.37,1.73,1.92,1.57,2.18,2.34,2.39,1.76
ORD1058,LOC013,2.0,4.0,LOC013,"23120 Peterson Islands Apt. 572, Mileshaven, NM 62557",25.08946305241787,55.33852915614706,11.17,5.15,13.85,14.83,23.41,13.63,22.25,14.29,8.72,22.38,10.99,15.53,6.23,0.0,15.52,11.13,7.49,10.55,5.41,6.29,21.69,8.15,8.92,15.67,9.51,6.32,11.19,4.22,24.7,23.73,10.92,6.54,12.09,10.4,12.82,13.24,8.39,9.92,17.9,21.48,23.17,18.8,9.7,22.8,24.2,37.1,22.4,35.4,23.4,15.1,35.6,18.5,25.3,11.3,0.0,25.3,18.7,13.2,17.8,10.1,11.4,34.5,14.2,15.4,25.5,16.3,11.5,18.8,8.3,39.1,37.6,18.4,11.8,20.1,17.6,21.2,21.9,14.6,16.9,28.8,34.2,36.8,2.09,2.13,2.14,1.89,1.76,1.63,1.7,1.13,2.13,2.25,1.56,1.19,1.45,1.0,1.54,1.21,1.07,1.66,2.24,1.27,1.22,1.66,2.03,2.34,1.18,1.83,1.29,1.56,1.41,2.25,1.82,2.45,1.79,1.51,1.57,1.02,2.44,1.6,1.51,1.52,1.56
,,,,LOC014,"49734 Harper Row, Michelleville, NJ 09630",25.228790608482758,55.34768751191849,13.17,10.46,26.69,20.37,27.22,2.0,30.69,24.46,7.97,27.13,7.38,6.07,15.13,15.52,0.0,22.83,8.13,19.61,19.5,15.3,13.74,9.71,23.48,0.87,8.37,10.84,11.61,15.32,23.05,28.29,22.35,9.15,10.39,21.71,20.95,2.57,7.14,5.96,14.43,14.5,28.76,21.8,17.7,42.0,32.6,42.8,5.0,48.0,38.7,14.0,42.7,13.1,11.1,24.7,25.3,0.0,36.2,14.2,31.4,31.2,25.0,22.6,16.6,37.2,3.3,14.6,18.3,19.4,25.0,36.6,44.4,35.5,15.7,17.6,34.6,33.4,5.9,12.7,10.9,23.6,23.8,45.1,1.5,1.78,1.24,1.67,2.49,1.22,1.72,1.54,2.38,1.5,1.32,2.04,1.2,1.92,1.0,1.03,1.24,1.68,1.63,1.62,1.39,1.62,2.08,2.12,2.14,1.88,1.24,1.61,1.91,1.41,2.44,2.35,1.16,2.07,1.25,2.44,2.03,2.16,1.87,1.18,2.07
,,,,LOC015,"150 Williams Corners, Xaviermouth, IA 08327",25.049486241173227,55.23720461238108,11.25,13.63,4.01,8.12,14.96,20.85,11.42,3.49,14.87,13.5,15.8,19.79,7.74,11.13,22.83,0.0,15.42,4.03,14.09,7.56,22.19,18.62,15.04,23.33,19.67,16.92,12.59,8.2,19.8,14.74,0.55,15.94,14.15,1.14,4.87,20.26,16.9,16.98,16.87,21.38,13.63,18.9,22.4,8.0,14.2,24.4,33.3,19.1,7.2,24.3,22.2,25.7,31.7,13.6,18.7,36.2,0.0,25.1,8.0,23.1,13.3,35.3,29.9,24.6,37.0,31.5,27.4,20.9,14.3,31.7,24.1,3.0,25.9,23.2,3.7,9.3,32.4,27.3,27.5,27.3,34.1,22.4,1.95,1.47,2.34,1.68,1.18,1.02,2.47,1.83,1.17,1.85,2.48,1.85,1.93,1.8,2.0,1.0,1.36,1.17,1.64,2.09,2.05,2.26,1.73,1.37,1.46,2.15,1.5,1.86,2.16,2.43,1.45,1.08,1.81,1.99,1.63,2.39,1.74,1.6,1.66,2.21,1.69
,,,,LOC016,"8592 Michelle Freeway Apt. 194, North Adrianside, NC 32962",25.1566857763471,55.3343401809953,8.52,2.35,19.07,15.12,23.25,6.19,24.76,17.62,2.33,22.7,4.63,8.58,7.75,7.49,8.13,15.42,0.0,12.84,12.04,7.93,15.89,5.29,15.96,8.39,5.38,4.88,7.49,7.43,21.78,24.01,15.0,2.24,7.38,14.36,14.64,5.76,1.54,2.47,13.54,16.02,24.01,14.8,5.5,30.6,24.7,36.9,11.3,39.1,28.4,5.5,36.1,8.9,14.9,13.6,13.2,14.2,25.1,0.0,21.3,20.1,13.9,25.8,9.9,25.9,14.6,10.1,9.3,13.2,13.1,34.7,38.0,24.5,5.4,13.1,23.5,24.0,10.6,4.3,5.7,22.3,26.0,38.0,1.89,1.24,1.43,1.09,1.02,2.38,1.58,1.29,1.86,1.5,1.31,1.85,1.75,1.24,1.57,1.36,1.0,1.38,2.07,1.4,1.45,2.32,1.2,2.42,2.23,2.28,1.02,1.94,2.42,1.21,1.45,1.89,2.26,2.26,2.07,2.25,1.16,2.17,2.1,2.16,2.36
ORD1019,LOC017,2.0,3.0,LOC017,"0462 Jeremy Dam Suite 644, Stephanietown, MN 56628",25.085584313819187,55.23389853355172,7.34,11.47,7.96,4.96,13.13,17.68,12.11,4.86,11.83,11.95,12.35,16.05,5.23,10.55,19.61,4.03,12.84,0.0,14.79,5.06,18.16,16.86,16.68,20.19,17.67,15.35,8.77,6.6,16.48,13.29,3.48,13.83,10.33,3.02,2.28,17.06,14.37,13.99,12.86,17.37,12.63,13.0,19.2,13.9,9.4,21.7,28.5,20.2,9.3,19.7,19.9,20.5,26.1,9.8,17.8,31.4,8.0,21.3,0.0,24.2,9.6,29.2,27.3,27.0,32.3,28.5,25.0,15.2,11.9,26.7,21.9,7.2,22.7,17.5,6.5,5.4,27.6,23.6,23.0,21.3,28.1,20.9,2.25,1.46,1.98,2.22,2.17,2.25,1.13,1.17,1.19,1.14,1.43,1.71,1.86,1.42,1.17,1.15,2.49,1.0,2.08,2.08,1.25,1.06,1.76,1.64,2.0,1.9,1.85,1.07,1.83,1.85,2.34,1.47,1.99,1.28,1.56,2.29,1.15,2.07,2.36,2.02,1.49
ORD1042,LOC017,2.0,1.0,LOC017,"0462 Jeremy Dam Suite 644, Stephanietown, MN 56628",25.085584313819187,55.23389853355172,7.34,11.47,7.96,4.96,13.13,17.68,12.11,4.86,11.83,11.95,12.35,16.05,5.23,10.55,19.61,4.03,12.84,0.0,14.79,5.06,18.16,16.86,16.68,20.19,17.67,15.35,8.77,6.6,16.48,13.29,3.48,13.83,10.33,3.02,2.28,17.06,14.37,13.99,12.86,17.37,12.63,13.0,19.2,13.9,9.4,21.7,28.5,20.2,9.3,19.7,19.9,20.5,26.1,9.8,17.8,31.4,8.0,21.3,0.0,24.2,9.6,29.2,27.3,27.0,32.3,28.5,25.0,15.2,11.9,26.7,21.9,7.2,22.7,17.5,6.5,5.4,27.6,23.6,23.0,21.3,28.1,20.9,2.25,1.46,1.98,2.22,2.17,2.25,1.13,1.17,1.19,1.14,1.43,1.71,1.86,1.42,1.17,1.15,2.49,1.0,2.08,2.08,1.25,1.06,1.76,1.64,2.0,1.9,1.85,1.07,1.83,1.85,2.34,1.47,1.99,1.28,1.56,2.29,1.15,2.07,2.36,2.02,1.49
ORD1059,LOC017,2.0,5.0,LOC017,"0462 Jeremy Dam Suite 644, Stephanietown, MN 56628",25.085584313819187,55.23389853355172,7.34,11.47,7.96,4.96,13.13,17.68,12.11,4.86,11.83,11.95,12.35,16.05,5.23,10.55,19.61,4.03,12.84,0.0,14.79,5.06,18.16,16.86,16.68,20.19,17.67,15.35,8.77,6.6,16.48,13.29,3.48,13.83,10.33,3.02,2.28,17.06,14.37,13.99,12.86,17.37,12.63,13.0,19.2,13.9,9.4,21.7,28.5,20.2,9.3,19.7,19.9,20.5,26.1,9.8,17.8,31.4,8.0,21.3,0.0,24.2,9.6,29.2,27.3,27.0,32.3,28.5,25.0,15.2,11.9,26.7,21.9,7.2,22.7,17.5,6.5,5.4,27.6,23.6,23.0,21.3,28.1,20.9,2.25,1.46,1.98,2.22,2.17,2.25,1.13,1.17,1.19,1.14,1.43,1.71,1.86,1.42,1.17,1.15,2.49,1.0,2.08,2.08,1.25,1.06,1.76,1.64,2.0,1.9,1.85,1.07,1.83,1.85,2.34,1.47,1.99,1.28,1.56,2.29,1.15,2.07,2.36,2.02,1.49
ORD1011,LOC018,2.0,2.0,LOC018,"4026 Christensen Knolls, West Kelseyshire, AZ 68814",25.055446085082973,55.37688743004512,16.55,9.92,15.59,19.5,27.91,17.8,25.5,17.55,13.72,26.72,16.1,20.52,11.35,5.41,19.5,14.09,12.04,14.79,0.0,11.37,27.03,10.41,3.98,19.46,11.96,8.83,16.6,9.29,29.92,28.05,14.07,10.41,17.46,13.71,17.03,17.52,12.5,14.5,23.3,26.86,27.27,26.8,16.9,25.4,31.2,43.9,28.7,40.2,28.3,22.6,42.1,26.2,32.8,19.0,10.1,31.2,23.1,20.1,24.2,0.0,19.1,42.5,17.6,8.0,31.2,19.9,15.2,26.9,15.9,46.9,44.1,23.1,17.6,28.2,22.6,27.5,28.3,20.8,23.8,37.0,42.3,42.9,2.38,1.42,1.29,2.13,1.24,1.47,2.21,2.25,1.81,1.66,1.43,2.3,1.22,2.44,1.87,1.84,1.16,1.57,1.0,1.27,1.96,1.82,1.81,1.33,2.04,2.49,1.12,1.85,2.35,1.26,2.14,1.21,1.97,2.23,1.6,1.54,1.25,1.07,2.29,1.83,2.13
ORD1025,LOC018,2.0,5.0,LOC018,"4026 Christensen Knolls, West Kelseyshire, AZ 68814",25.055446085082973,55.37688743004512,16.55,9.92,15.59,19.5,27.91,17.8,25.5,17.55,13.72,26.72,16.1,20.52,11.35,5.41,19.5,14.09,12.04,14.79,0.0,11.37,27.03,10.41,3.98,19.46,11.96,8.83,16.6,9.29,29.92,28.05,14.07,10.41,17.46,13.71,17.03,17.52,12.5,14.5,23.3,26.86,27.27,26.8,16.9,25.4,31.2,43.9,28.7,40.2,28.3,22.6,42.1,26.2,32.8,19.0,10.1,31.2,23.1,20.1,24.2,0.0,19.1,42.5,17.6,8.0,31.2,19.9,15.2,26.9,15.9,46.9,44.1,23.1,17.6,28.2,22.6,27.5,28.3,20.8,23.8,37.0,42.3,42.9,2.38,1.42,1.29,2.13,1.24,1.47,2.21,2.25,1.81,1.66,1.43,2.3,1.22,2.44,1.87,1.84,1.16,1.57,1.0,1.27,1.96,1.82,1.81,1.33,2.04,2.49,1.12,1.85,2.35,1.26,2.14,1.21,1.97,2.23,1.6,1.54,1.25,1.07,2.29,1.83,2.13
ORD1007,LOC019,2.0,1.0,LOC019,"73587 Lynch Plain Suite 255, Cameronton, CO 50088",25.10610574142725,55.27879328164249,5.68,6.41,11.39,8.65,17.25,13.31,17.17,9.72,7.33,16.32,8.51,12.86,0.18,6.29,15.3,7.56,7.93,5.06,11.37,0.0,17.1,11.8,14.19,15.78,12.61,10.33,6.36,2.09,18.56,17.67,7.11,8.78,7.75,6.47,7.14,12.73,9.45,9.42,12.53,16.62,17.28,10.5,11.6,19.1,15.0,27.9,22.0,27.8,16.6,13.0,26.5,14.8,21.3,3.0,11.4,25.0,13.3,13.9,9.6,19.1,0.0,27.7,19.7,23.3,25.7,20.9,17.5,11.5,5.1,29.8,28.5,12.7,15.2,13.6,11.7,12.7,21.1,16.2,16.1,20.8,26.9,27.9,2.11,1.64,1.74,1.98,1.3,2.4,1.48,1.17,2.39,1.77,2.48,1.42,2.02,1.74,2.28,1.83,2.4,1.95,2.37,1.0,2.29,1.99,2.09,2.33,1.9,1.38,2.22,1.44,1.43,1.61,1.87,1.45,2.37,2.19,1.64,1.25,1.56,2.04,1.64,1.0,1.02
ORD1020,LOC019,1.0,2.0,LOC019,"73587 Lynch Plain Suite 255, Cameronton, CO 50088",25.10610574142725,55.27879328164249,5.68,6.41,11.39,8.65,17.25,13.31,17.17,9.72,7.33,16.32,8.51,12.86,0.18,6.29,15.3,7.56,7.93,5.06,11.37,0.0,17.1,11.8,14.19,15.78,12.61,10.33,6.36,2.09,18.56,17.67,7.11,8.78,7.75,6.47,7.14,12.73,9.45,9.42,12.53,16.62,17.28,10.5,11.6,19.1,15.0,27.9,22.0,27.8,16.6,13.0,26.5,14.8,21.3,3.0,11.4,25.0,13.3,13.9,9.6,19.1,0.0,27.7,19.7,23.3,25.7,20.9,17.5,11.5,5.1,29.8,28.5,12.7,15.2,13.6,11.7,12.7,21.1,16.2,16.1,20.8,26.9,27.9,2.11,1.64,1.74,1.98,1.3,2.4,1.48,1.17,2.39,1.77,2.48,1.42,2.02,1.74,2.28,1.83,2.4,1.95,2.37,1.0,2.29,1.99,2.09,2.33,1.9,1.38,2.22,1.44,1.43,1.61,1.87,1.45,2.37,2.19,1.64,1.25,1.56,2.04,1.64,1.0,1.02
ORD1035,LOC019,2.0,5.0,LOC019,"73587 Lynch Plain Suite 255, Cameronton, CO 50088",25.10610574142725,55.27879328164249,5.68,6.41,11.39,8.65,17.25,13.31,17.17,9.72,7.33,16.32,8.51,12.86,0.18,6.29,15.3,7.56,7.93,5.06,11.37,0.0,17.1,11.8,14.19,15.78,12.61,10.33,6.36,2.09,18.56,17.67,7.11,8.78,7.75,6.47,7.14,12.73,9.45,9.42,12.53,16.62,17.28,10.5,11.6,19.1,15.0,27.9,22.0,27.8,16.6,13.0,26.5,14.8,21.3,3.0,11.4,25.0,13.3,13.9,9.6,19.1,0.0,27.7,19.7,23.3,25.7,20.9,17.5,11.5,5.1,29.8,28.5,12.7,15.2,13.6,11.7,12.7,21.1,16.2,16.1,20.8,26.9,27.9,2.11,1.64,1.74,1.98,1.3,2.4,1.48,1.17,2.39,1.77,2.48,1.42,2.02,1.74,2.28,1.83,2.4,1.95,2.37,1.0,2.29,1.99,2.09,2.33,1.9,1.38,2.22,1.44,1.43,1.61,1.87,1.45,2.37,2.19,1.64,1.25,1.56,2.04,1.64,1.0,1.02
ORD1045,LOC019,2.0,4.0,LOC019,"73587 Lynch Plain Suite 255, Cameronton, CO 50088",25.10610574142725,55.27879328164249,5.68,6.41,11.39,8.65,17.25,13.31,17.17,9.72,7.33,16.32,8.51,12.86,0.18,6.29,15.3,7.56,7.93,5.06,11.37,0.0,17.1,11.8,14.19,15.78,12.61,10.33,6.36,2.09,18.56,17.67,7.11,8.78,7.75,6.47,7.14,12.73,9.45,9.42,12.53,16.62,17.28,10.5,11.6,19.1,15.0,27.9,22.0,27.8,16.6,13.0,26.5,14.8,21.3,3.0,11.4,25.0,13.3,13.9,9.6,19.1,0.0,27.7,19.7,23.3,25.7,20.9,17.5,11.5,5.1,29.8,28.5,12.7,15.2,13.6,11.7,12.7,21.1,16.2,16.1,20.8,26.9,27.9,2.11,1.64,1.74,1.98,1.3,2.4,1.48,1.17,2.39,1.77,2.48,1.42,2.02,1.74,2.28,1.83,2.4,1.95,2.37,1.0,2.29,1.99,2.09,2.33,1.9,1.38,2.22,1.44,1.43,1.61,1.87,1.45,2.37,2.19,1.64,1.25,1.56,2.04,1.64,1.0,1.02
ORD1067,LOC019,1.0,5.0,LOC019,"73587 Lynch Plain Suite 255, Cameronton, CO 50088",25.10610574142725,55.27879328164249,5.68,6.41,11.39,8.65,17.25,13.31,17.17,9.72,7.33,16.32,8.51,12.86,0.18,6.29,15.3,7.56,7.93,5.06,11.37,0.0,17.1,11.8,14.19,15.78,12.61,10.33,6.36,2.09,18.56,17.67,7.11,8.78,7.75,6.47,7.14,12.73,9.45,9.42,12.53,16.62,17.28,10.5,11.6,19.1,15.0,27.9,22.0,27.8,16.6,13.0,26.5,14.8,21.3,3.0,11.4,25.0,13.3,13.9,9.6,19.1,0.0,27.7,19.7,23.3,25.7,20.9,17.5,11.5,5.1,29.8,28.5,12.7,15.2,13.6,11.7,12.7,21.1,16.2,16.1,20.8,26.9,27.9,2.11,1.64,1.74,1.98,1.3,2.4,1.48,1.17,2.39,1.77,2.48,1.42,2.02,1.74,2.28,1.83,2.4,1.95,2.37,1.0,2.29,1.99,2.09,2.33,1.9,1.38,2.22,1.44,1.43,1.61,1.87,1.45,2.37,2.19,1.64,1.25,1.56,2.04,1.64,1.0,1.02
ORD1005,LOC020,2.0,1.0,LOC020,"400 Beth Via, Davidport, VI 28613",25.247763050567148,55.21266078078145,11.5,17.43,26.03,15.38,18.09,13.45,24.65,21.76,13.69,18.77,11.28,8.11,17.01,21.69,13.74,22.19,15.89,18.16,27.03,17.1,0.0,20.64,30.57,14.59,19.97,20.71,10.79,18.67,10.94,19.49,21.64,18.1,9.63,21.16,17.93,13.1,16.37,13.95,5.45,1.28,20.69,19.2,28.1,41.0,25.1,29.1,22.2,39.0,34.6,22.5,30.2,18.9,14.2,27.5,34.5,22.6,35.3,25.8,29.2,42.5,27.7,0.0,33.0,47.9,23.9,32.0,33.1,18.2,30.0,18.4,31.2,34.5,29.2,16.4,33.7,28.9,21.7,26.6,22.9,10.2,3.9,33.0,2.26,1.92,1.13,1.91,1.97,1.77,1.88,1.01,2.13,1.96,2.03,2.08,1.45,1.14,1.62,1.46,2.18,1.3,1.75,1.59,1.0,2.23,1.91,1.8,1.23,1.43,1.78,2.4,1.8,1.0,1.25,1.43,1.9,1.54,1.37,2.18,2.28,1.85,1.5,1.63,2.21
ORD1036,LOC020,2.0,2.0,LOC020,"400 Beth Via, Davidport, VI 28613",25.247763050567148,55.21266078078145,11.5,17.43,26.03,15.38,18.09,13.45,24.65,21.76,13.69,18.77,11.28,8.11,17.01,21.69,13.74,22.19,15.89,18.16,27.03,17.1,0.0,20.64,30.57,14.59,19.97,20.71,10.79,18.67,10.94,19.49,21.64,18.1,9.63,21.16,17.93,13.1,16.37,13.95,5.45,1.28,20.69,19.2,28.1,41.0,25.1,29.1,22.2,39.0,34.6,22.5,30.2,18.9,14.2,27.5,34.5,22.6,35.3,25.8,29.2,42.5,27.7,0.0,33.0,47.9,23.9,32.0,33.1,18.2,30.0,18.4,31.2,34.5,29.2,16.4,33.7,28.9,21.7,26.6,22.9,10.2,3.9,33.0,2.26,1.92,1.13,1.91,1.97,1.77,1.88,1.01,2.13,1.96,2.03,2.08,1.45,1.14,1.62,1.46,2.18,1.3,1.75,1.59,1.0,2.23,1.91,1.8,1.23,1.43,1.78,2.4,1.8,1.0,1.25,1.43,1.9,1.54,1.37,2.18,2.28,1.85,1.5,1.63,2.21
ORD1002,LOC021,2.0,4.0,LOC021,"7820 Andrew Brook, South Crystal, MS 79059",25.14870408115196,55.38620033340872,13.71,5.5,21.78,19.9,28.26,8.42,28.97,21.36,7.59,27.6,9.67,12.78,11.65,8.15,9.71,18.62,5.29,16.86,10.41,11.8,20.64,0.0,14.31,9.47,1.55,1.83,12.76,10.49,27.07,28.92,18.3,3.29,12.66,17.7,18.92,8.38,4.33,6.71,18.77,20.92,28.78,22.6,10.2,34.7,31.8,44.4,14.6,45.5,34.0,13.4,43.4,16.5,21.2,19.5,14.2,16.6,29.9,9.9,27.3,17.6,19.7,33.0,0.0,23.5,16.2,4.3,4.7,21.1,17.7,42.6,45.4,29.5,6.9,21.0,28.6,30.4,14.6,8.5,12.1,30.2,33.4,45.2,1.58,2.14,1.62,1.01,2.13,1.22,1.44,1.01,1.26,1.57,1.16,1.57,2.46,1.26,1.28,1.28,1.37,1.56,1.33,2.42,1.35,1.0,2.34,1.53,1.94,2.3,1.86,1.39,2.38,1.4,1.63,1.66,1.42,1.7,1.69,1.34,1.07,2.22,1.19,1.99,1.53
ORD1018,LOC021,3.0,4.0,LOC021,"7820 Andrew Brook, South Crystal, MS 79059",25.14870408115196,55.38620033340872,13.71,5.5,21.78,19.9,28.26,8.42,28.97,21.36,7.59,27.6,9.67,12.78,11.65,8.15,9.71,18.62,5.29,16.86,10.41,11.8,20.64,0.0,14.31,9.47,1.55,1.83,12.76,10.49,27.07,28.92,18.3,3.29,12.66,17.7,18.92,8.38,4.33,6.71,18.77,20.92,28.78,22.6,10.2,34.7,31.8,44.4,14.6,45.5,34.0,13.4,43.4,16.5,21.2,19.5,14.2,16.6,29.9,9.9,27.3,17.6,19.7,33.0,0.0,23.5,16.2,4.3,4.7,21.1,17.7,42.6,45.4,29.5,6.9,21.0,28.6,30.4,14.6,8.5,12.1,30.2,33.4,45.2,1.58,2.14,1.62,1.01,2.13,1.22,1.44,1.01,1.26,1.57,1.16,1.57,2.46,1.26,1.28,1.28,1.37,1.56,1.33,2.42,1.35,1.0,2.34,1.53,1.94,2.3,1.86,1.39,2.38,1.4,1.63,1.66,1.42,1.7,1.69,1.34,1.07,2.22,1.19,1.99,1.53
ORD1051,LOC021,2.0,4.0,LOC021,"7820 Andrew Brook, South Crystal, MS 79059",25.14870408115196,55.38620033340872,13.71,5.5,21.78,19.9,28.26,8.42,28.97,21.36,7.59,27.6,9.67,12.78,11.65,8.15,9.71,18.62,5.29,16.86,10.41,11.8,20.64,0.0,14.31,9.47,1.55,1.83,12.76,10.49,27.07,28.92,18.3,3.29,12.66,17.7,18.92,8.38,4.33,6.71,18.77,20.92,28.78,22.6,10.2,34.7,31.8,44.4,14.6,45.5,34.0,13.4,43.4,16.5,21.2,19.5,14.2,16.6,29.9,9.9,27.3,17.6,19.7,33.0,0.0,23.5,16.2,4.3,4.7,21.1,17.7,42.6,45.4,29.5,6.9,21.0,28.6,30.4,14.6,8.5,12.1,30.2,33.4,45.2,1.58,2.14,1.62,1.01,2.13,1.22,1.44,1.01,1.26,1.57,1.16,1.57,2.46,1.26,1.28,1.28,1.37,1.56,1.33,2.42,1.35,1.0,2.34,1.53,1.94,2.3,1.86,1.39,2.38,1.4,1.63,1.66,1.42,1.7,1.69,1.34,1.07,2.22,1.19,1.99,1.53
ORD1079,LOC021,2.0,3.0,LOC021,"7820 Andrew Brook, South Crystal, MS 79059",25.14870408115196,55.38620033340872,13.71,5.5,21.78,19.9,28.26,8.42,28.97,21.36,7.59,27.6,9.67,12.78,11.65,8.15,9.71,18.62,5.29,16.86,10.41,11.8,20.64,0.0,14.31,9.47,1.55,1.83,12.76,10.49,27.07,28.92,18.3,3.29,12.66,17.7,18.92,8.38,4.33,6.71,18.77,20.92,28.78,22.6,10.2,34.7,31.8,44.4,14.6,45.5,34.0,13.4,43.4,16.5,21.2,19.5,14.2,16.6,29.9,9.9,27.3,17.6,19.7,33.0,0.0,23.5,16.2,4.3,4.7,21.1,17.7,42.6,45.4,29.5,6.9,21.0,28.6,30.4,14.6,8.5,12.1,30.2,33.4,45.2,1.58,2.14,1.62,1.01,2.13,1.22,1.44,1.01,1.26,1.57,1.16,1.57,2.46,1.26,1.28,1.28,1.37,1.56,1.33,2.42,1.35,1.0,2.34,1.53,1.94,2.3,1.86,1.39,2.38,1.4,1.63,1.66,1.42,1.7,1.69,1.34,1.07,2.22,1.19,1.99,1.53
ORD1016,LOC022,2.0,4.0,LOC022,"99037 Matthew Parks Apt. 593, West Chelsey, VI 35862",25.020055560393896,55.382865144248925,19.69,13.77,15.52,21.61,29.67,21.77,26.16,18.5,17.53,28.34,19.86,24.35,14.21,8.92,23.48,15.04,15.96,16.68,3.98,14.19,30.57,14.31,0.0,23.44,15.86,12.78,19.94,12.23,32.61,29.63,15.17,14.38,20.95,14.95,18.8,21.49,16.47,18.43,26.55,30.32,28.64,31.5,22.7,25.3,34.4,46.5,34.7,41.2,29.8,28.3,44.5,31.8,38.5,23.3,15.4,37.2,24.6,25.9,27.0,8.0,23.3,47.9,23.5,0.0,37.2,25.8,21.2,31.9,20.3,50.9,46.4,24.8,23.6,33.4,24.4,30.2,34.2,26.7,29.6,41.8,47.5,45.0,2.46,2.07,2.39,1.69,1.14,1.34,2.41,1.45,1.16,1.59,2.31,1.49,1.52,1.4,2.03,1.31,2.28,2.01,1.39,1.62,1.65,1.62,1.0,1.16,2.08,1.25,2.23,1.41,2.11,1.31,1.2,1.19,1.7,1.33,2.2,2.42,1.96,1.01,1.22,2.13,1.9
ORD1039,LOC022,2.0,4.0,LOC022,"99037 Matthew Parks Apt. 593, West Chelsey, VI 35862",25.020055560393896,55.382865144248925,19.69,13.77,15.52,21.61,29.67,21.77,26.16,18.5,17.53,28.34,19.86,24.35,14.21,8.92,23.48,15.04,15.96,16.68,3.98,14.19,30.57,14.31,0.0,23.44,15.86,12.78,19.94,12.23,32.61,29.63,15.17,14.38,20.95,14.95,18.8,21.49,16.47,18.43,26.55,30.32,28.64,31.5,22.7,25.3,34.4,46.5,34.7,41.2,29.8,28.3,44.5,31.8,38.5,23.3,15.4,37.2,24.6,25.9,27.0,8.0,23.3,47.9,23.5,0.0,37.2,25.8,21.2,31.9,20.3,50.9,46.4,24.8,23.6,33.4,24.4,30.2,34.2,26.7,29.6,41.8,47.5,45.0,2.46,2.07,2.39,1.69,1.14,1.34,2.41,1.45,1.16,1.59,2.31,1.49,1.52,1.4,2.03,1.31,2.28,2.01,1.39,1.62,1.65,1.62,1.0,1.16,2.08,1.25,2.23,1.41,2.11,1.31,1.2,1.19,1.7,1.33,2.2,2.42,1.96,1.01,1.22,2.13,1.9
ORD1069,LOC022,2.0,1.0,LOC022,"99037 Matthew Parks Apt. 593, West Chelsey, VI 35862",25.020055560393896,55.382865144248925,19.69,13.77,15.52,21.61,29.67,21.77,26.16,18.5,17.53,28.34,19.86,24.35,14.21,8.92,23.48,15.04,15.96,16.68,3.98,14.19,30.57,14.31,0.0,23.44,15.86,12.78,19.94,12.23,32.61,29.63,15.17,14.38,20.95,14.95,18.8,21.49,16.47,18.43,26.55,30.32,28.64,31.5,22.7,25.3,34.4,46.5,34.7,41.2,29.8,28.3,44.5,31.8,38.5,23.3,15.4,37.2,24.6,25.9,27.0,8.0,23.3,47.9,23.5,0.0,37.2,25.8,21.2,31.9,20.3,50.9,46.4,24.8,23.6,33.4,24.4,30.2,34.2,26.7,29.6,41.8,47.5,45.0,2.46,2.07,2.39,1.69,1.14,1.34,2.41,1.45,1.16,1.59,2.31,1.49,1.52,1.4,2.03,1.31,2.28,2.01,1.39,1.62,1.65,1.62,1.0,1.16,2.08,1.25,2.23,1.41,2.11,1.31,1.2,1.19,1.7,1.33,2.2,2.42,1.96,1.01,1.22,2.13,1.9
ORD1077,LOC023,2.0,5.0,LOC023,"37919 Norton Route Apt. 169, Clarktown, OK 44280",25.22946133749031,55.356278400969146,13.87,10.69,27.15,21.08,28.02,2.51,31.38,25.04,8.45,27.91,8.05,6.94,15.6,15.67,0.87,23.33,8.39,20.19,19.46,15.78,14.59,9.47,23.44,0.0,8.07,10.71,12.33,15.69,23.92,29.08,22.86,9.21,11.14,22.21,21.58,3.14,7.28,6.37,15.28,15.36,29.52,22.8,18.0,42.7,33.6,44.0,5.8,49.1,39.6,14.7,43.9,14.1,12.4,25.4,25.5,3.3,37.0,14.6,32.3,31.2,25.7,23.9,16.2,37.2,0.0,14.1,18.1,20.5,25.5,37.9,45.6,36.3,15.8,18.7,35.3,34.4,6.7,12.9,11.6,24.9,25.0,46.3,1.8,2.26,2.41,2.09,1.19,1.37,1.56,1.23,2.11,1.03,1.26,1.97,1.62,1.48,2.4,2.28,1.14,1.78,2.12,2.41,1.43,1.51,2.05,1.0,2.07,1.43,1.77,2.07,1.68,1.45,1.95,1.19,2.29,2.42,2.2,1.55,2.3,1.35,1.09,1.05,2.45
ORD1046,LOC024,2.0,5.0,LOC024,"USCGC Raymond, FPO AA 65472",25.162604634384067,55.38740846895719,13.9,6.2,22.96,20.4,28.62,7.25,29.75,22.28,7.51,28.04,9.33,11.96,12.44,9.51,8.37,19.67,5.38,17.67,11.96,12.61,19.97,1.55,15.86,8.07,0.0,3.28,12.81,11.48,26.95,29.35,19.32,3.84,12.52,18.71,19.65,7.31,4.08,6.22,18.48,20.33,29.3,22.9,11.3,36.4,32.6,44.9,12.9,46.6,35.4,13.3,44.1,16.0,19.9,20.7,16.3,14.6,31.5,10.1,28.5,19.9,20.9,32.0,4.3,25.8,14.1,0.0,6.9,21.2,19.2,42.4,46.0,31.0,7.8,20.8,30.1,31.5,13.0,8.1,11.3,29.7,32.5,46.0,1.01,1.04,2.35,1.39,1.56,2.06,1.03,1.51,1.17,1.83,1.94,2.23,1.2,1.16,2.05,2.25,1.9,2.35,2.38,2.24,1.31,1.99,2.2,1.67,1.0,2.06,2.33,1.94,1.94,1.96,2.16,2.02,1.01,2.02,2.39,1.85,2.08,2.13,1.54,1.59,2.24
ORD1047,LOC024,3.0,3.0,LOC024,"USCGC Raymond, FPO AA 65472",25.162604634384067,55.38740846895719,13.9,6.2,22.96,20.4,28.62,7.25,29.75,22.28,7.51,28.04,9.33,11.96,12.44,9.51,8.37,19.67,5.38,17.67,11.96,12.61,19.97,1.55,15.86,8.07,0.0,3.28,12.81,11.48,26.95,29.35,19.32,3.84,12.52,18.71,19.65,7.31,4.08,6.22,18.48,20.33,29.3,22.9,11.3,36.4,32.6,44.9,12.9,46.6,35.4,13.3,44.1,16.0,19.9,20.7,16.3,14.6,31.5,10.1,28.5,19.9,20.9,32.0,4.3,25.8,14.1,0.0,6.9,21.2,19.2,42.4,46.0,31.0,7.8,20.8,30.1,31.5,13.0,8.1,11.3,29.7,32.5,46.0,1.01,1.04,2.35,1.39,1.56,2.06,1.03,1.51,1.17,1.83,1.94,2.23,1.2,1.16,2.05,2.25,1.9,2.35,2.38,2.24,1.31,1.99,2.2,1.67,1.0,2.06,2.33,1.94,1.94,1.96,2.16,2.02,1.01,2.02,2.39,1.85,2.08,2.13,1.54,1.59,2.24
ORD1003,LOC025,2.0,2.0,LOC025,"2776 Anna Springs Suite 893, Masseybury, FL 56746",25.134831015701387,55.37633336657952,12.83,4.31,20.01,18.65,27.12,9.32,27.45,19.75,7.19,26.37,9.49,13.11,10.18,6.32,10.84,16.92,4.88,15.35,8.83,10.33,20.71,1.83,12.78,10.71,3.28,0.0,12.05,8.87,26.43,27.71,16.62,2.64,12.16,16.03,17.47,9.17,4.44,6.84,18.36,20.88,27.48,21.2,8.5,32.0,30.0,42.7,16.0,43.2,31.6,12.8,41.6,16.2,21.7,17.3,11.5,18.3,27.4,9.3,25.0,15.2,17.5,33.1,4.7,21.2,18.1,6.9,0.0,20.1,15.3,41.6,43.6,26.9,6.0,20.2,26.0,28.2,15.8,8.7,12.3,29.5,33.3,43.2,1.15,1.0,1.85,1.47,1.76,1.61,1.36,2.43,1.47,1.02,1.91,1.86,2.03,2.33,1.13,1.72,2.26,1.85,1.51,2.42,2.06,1.72,2.38,1.79,1.58,1.0,2.33,2.47,1.73,2.04,1.42,2.17,1.74,1.67,2.19,1.34,1.09,1.98,1.17,2.26,1.67
ORD1008,LOC025,2.0,3.0,LOC025,"2776 Anna Springs Suite 893, Masseybury, FL 56746",25.134831015701387,55.37633336657952,12.83,4.31,20.01,18.65,27.12,9.32,27.45,19.75,7.19,26.37,9.49,13.11,10.18,6.32,10.84,16.92,4.88,15.35,8.83,10.33,20.71,1.83,12.78,10.71,3.28,0.0,12.05,8.87,26.43,27.71,16.62,2.64,12.16,16.03,17.47,9.17,4.44,6.84,18.36,20.88,27.48,21.2,8.5,32.0,30.0,42.7,16.0,43.2,31.6,12.8,41.6,16.2,21.7,17.3,11.5,18.3,27.4,9.3,25.0,15.2,17.5,33.1,4.7,21.2,18.1,6.9,0.0,20.1,15.3,41.6,43.6,26.9,6.0,20.2,26.0,28.2,15.8,8.7,12.3,29.5,33.3,43.2,1.15,1.0,1.85,1.47,1.76,1.61,1.36,2.43,1.47,1.02,1.91,1.86,2.03,2.33,1.13,1.72,2.26,1.85,1.51,2.42,2.06,1.72,2.38,1.79,1.58,1.0,2.33,2.47,1.73,2.04,1.42,2.17,1.74,1.67,2.19,1.34,1.09,1.98,1.17,2.26,1.67
ORD1021,LOC025,2.0,4.0,LOC025,"2776 Anna Springs Suite 893, Masseybury, FL 56746",25.134831015701387,55.37633336657952,12.83,4.31,20.01,18.65,27.12,9.32,27.45,19.75,7.19,26.37,9.49,13.11,10.18,6.32,10.84,16.92,4.88,15.35,8.83,10.33,20.71,1.83,12.78,10.71,3.28,0.0,12.05,8.87,26.43,27.71,16.62,2.64,12.16,16.03,17.47,9.17,4.44,6.84,18.36,20.88,27.48,21.2,8.5,32.0,30.0,42.7,16.0,43.2,31.6,12.8,41.6,16.2,21.7,17.3,11.5,18.3,27.4,9.3,25.0,15.2,17.5,33.1,4.7,21.2,18.1,6.9,0.0,20.1,15.3,41.6,43.6,26.9,6.0,20.2,26.0,28.2,15.8,8.7,12.3,29.5,33.3,43.2,1.15,1.0,1.85,1.47,1.76,1.61,1.36,2.43,1.47,1.02,1.91,1.86,2.03,2.33,1.13,1.72,2.26,1.85,1.51,2.42,2.06,1.72,2.38,1.79,1.58,1.0,2.33,2.47,1.73,2.04,1.42,2.17,1.74,1.67,2.19,1.34,1.09,1.98,1.17,2.26,1.67
ORD1041,LOC025,2.0,4.0,LOC025,"2776 Anna Springs Suite 893, Masseybury, FL 56746",25.134831015701387,55.37633336657952,12.83,4.31,20.01,18.65,27.12,9.32,27.45,19.75,7.19,26.37,9.49,13.11,10.18,6.32,10.84,16.92,4.88,15.35,8.83,10.33,20.71,1.83,12.78,10.71,3.28,0.0,12.05,8.87,26.43,27.71,16.62,2.64,12.16,16.03,17.47,9.17,4.44,6.84,18.36,20.88,27.48,21.2,8.5,32.0,30.0,42.7,16.0,43.2,31.6,12.8,41.6,16.2,21.7,17.3,11.5,18.3,27.4,9.3,25.0,15.2,17.5,33.1,4.7,21.2,18.1,6.9,0.0,20.1,15.3,41.6,43.6,26.9,6.0,20.2,26.0,28.2,15.8,8.7,12.3,29.5,33.3,43.2,1.15,1.0,1.85,1.47,1.76,1.61,1.36,2.43,1.47,1.02,1.91,1.86,2.03,2.33,1.13,1.72,2.26,1.85,1.51,2.42,2.06,1.72,2.38,1.79,1.58,1.0,2.33,2.47,1.73,2.04,1.42,2.17,1.74,1.67,2.19,1.34,1.09,1.98,1.17,2.26,1.67
ORD1054,LOC025,3.0,3.0,LOC025,"2776 Anna Springs Suite 893, Masseybury, FL 56746",25.134831015701387,55.37633336657952,12.83,4.31,20.01,18.65,27.12,9.32,27.45,19.75,7.19,26.37,9.49,13.11,10.18,6.32,10.84,16.92,4.88,15.35,8.83,10.33,20.71,1.83,12.78,10.71,3.28,0.0,12.05,8.87,26.43,27.71,16.62,2.64,12.16,16.03,17.47,9.17,4.44,6.84,18.36,20.88,27.48,21.2,8.5,32.0,30.0,42.7,16.0,43.2,31.6,12.8,41.6,16.2,21.7,17.3,11.5,18.3,27.4,9.3,25.0,15.2,17.5,33.1,4.7,21.2,18.1,6.9,0.0,20.1,15.3,41.6,43.6,26.9,6.0,20.2,26.0,28.2,15.8,8.7,12.3,29.5,33.3,43.2,1.15,1.0,1.85,1.47,1.76,1.61,1.36,2.43,1.47,1.02,1.91,1.86,2.03,2.33,1.13,1.72,2.26,1.85,1.51,2.42,2.06,1.72,2.38,1.79,1.58,1.0,2.33,2.47,1.73,2.04,1.42,2.17,1.74,1.67,2.19,1.34,1.09,1.98,1.17,2.26,1.67
ORD1076,LOC025,1.0,3.0,LOC025,"2776 Anna Springs Suite 893, Masseybury, FL 56746",25.134831015701387,55.37633336657952,12.83,4.31,20.01,18.65,27.12,9.32,27.45,19.75,7.19,26.37,9.49,13.11,10.18,6.32,10.84,16.92,4.88,15.35,8.83,10.33,20.71,1.83,12.78,10.71,3.28,0.0,12.05,8.87,26.43,27.71,16.62,2.64,12.16,16.03,17.47,9.17,4.44,6.84,18.36,20.88,27.48,21.2,8.5,32.0,30.0,42.7,16.0,43.2,31.6,12.8,41.6,16.2,21.7,17.3,11.5,18.3,27.4,9.3,25.0,15.2,17.5,33.1,4.7,21.2,18.1,6.9,0.0,20.1,15.3,41.6,43.6,26.9,6.0,20.2,26.0,28.2,15.8,8.7,12.3,29.5,33.3,43.2,1.15,1.0,1.85,1.47,1.76,1.61,1.36,2.43,1.47,1.02,1.91,1.86,2.03,2.33,1.13,1.72,2.26,1.85,1.51,2.42,2.06,1.72,2.38,1.79,1.58,1.0,2.33,2.47,1.73,2.04,1.42,2.17,1.74,1.67,2.19,1.34,1.09,1.98,1.17,2.26,1.67
ORD1013,LOC026,1.0,4.0,LOC026,"44464 Fernandez Plains, Olsonburgh, NE 23540",25.1607711635144,55.26009497808082,1.57,7.91,16.6,8.75,16.13,9.89,19.09,13.38,5.32,15.79,4.33,7.3,6.26,11.19,11.61,12.59,7.49,8.77,16.6,6.36,10.79,12.76,19.94,12.33,12.81,12.05,0.0,7.89,14.38,17.04,12.04,9.54,1.56,11.46,9.61,9.25,8.75,7.11,6.73,10.41,17.31,4.4,13.9,26.9,15.1,26.2,16.8,30.6,22.1,10.0,25.7,8.5,13.0,11.4,18.8,19.4,20.9,13.2,15.2,26.9,11.5,18.2,21.1,31.9,20.5,21.2,20.1,0.0,13.8,23.6,27.6,20.1,16.3,4.3,19.2,16.4,15.9,15.1,12.7,12.1,17.6,28.0,1.49,1.7,1.81,1.77,2.06,1.41,2.4,1.08,1.26,1.01,1.34,1.75,1.63,2.49,1.93,2.16,1.13,2.04,2.36,1.66,2.43,1.9,2.18,1.71,1.48,2.29,1.0,1.74,1.91,2.16,1.45,1.05,2.11,1.37,2.25,1.0,2.38,2.04,2.12,2.09,1.34
ORD1023,LOC026,3.0,3.0,LOC026,"44464 Fernandez Plains, Olsonburgh, NE 23540",25.1607711635144,55.26009497808082,1.57,7.91,16.6,8.75,16.13,9.89,19.09,13.38,5.32,15.79,4.33,7.3,6.26,11.19,11.61,12.59,7.49,8.77,16.6,6.36,10.79,12.76,19.94,12.33,12.81,12.05,0.0,7.89,14.38,17.04,12.04,9.54,1.56,11.46,9.61,9.25,8.75,7.11,6.73,10.41,17.31,4.4,13.9,26.9,15.1,26.2,16.8,30.6,22.1,10.0,25.7,8.5,13.0,11.4,18.8,19.4,20.9,13.2,15.2,26.9,11.5,18.2,21.1,31.9,20.5,21.2,20.1,0.0,13.8,23.6,27.6,20.1,16.3,4.3,19.2,16.4,15.9,15.1,12.7,12.1,17.6,28.0,1.49,1.7,1.81,1.77,2.06,1.41,2.4,1.08,1.26,1.01,1.34,1.75,1.63,2.49,1.93,2.16,1.13,2.04,2.36,1.66,2.43,1.9,2.18,1.71,1.48,2.29,1.0,1.74,1.91,2.16,1.45,1.05,2.11,1.37,2.25,1.0,2.38,2.04,2.12,2.09,1.34
ORD1060,LOC026,2.0,1.0,LOC026,"44464 Fernandez Plains, Olsonburgh, NE 23540",25.1607711635144,55.26009497808082,1.57,7.91,16.6,8.75,16.13,9.89,19.09,13.38,5.32,15.79,4.33,7.3,6.26,11.19,11.61,12.59,7.49,8.77,16.6,6.36,10.79,12.76,19.94,12.33,12.81,12.05,0.0,7.89,14.38,17.04,12.04,9.54,1.56,11.46,9.61,9.25,8.75,7.11,6.73,10.41,17.31,4.4,13.9,26.9,15.1,26.2,16.8,30.6,22.1,10.0,25.7,8.5,13.0,11.4,18.8,19.4,20.9,13.2,15.2,26.9,11.5,18.2,21.1,31.9,20.5,21.2,20.1,0.0,13.8,23.6,27.6,20.1,16.3,4.3,19.2,16.4,15.9,15.1,12.7,12.1,17.6,28.0,1.49,1.7,1.81,1.77,2.06,1.41,2.4,1.08,1.26,1.01,1.34,1.75,1.63,2.49,1.93,2.16,1.13,2.04,2.36,1.66,2.43,1.9,2.18,1.71,1.48,2.29,1.0,1.74,1.91,2.16,1.45,1.05,2.11,1.37,2.25,1.0,2.38,2.04,2.12,2.09,1.34
,,,,LOC027,"653 Greene Curve, East Larry, MP 78990",25.098614578503053,55.29785772753777,7.47,5.46,11.68,10.63,19.23,13.32,18.62,10.88,7.47,18.24,9.15,13.69,2.05,4.22,15.32,8.2,7.43,6.6,9.29,2.09,18.67,10.49,12.23,15.69,11.48,8.87,7.89,0.0,20.63,19.59,7.84,7.75,9.11,7.22,8.82,12.79,8.84,9.35,14.35,18.28,19.11,13.2,10.2,19.5,17.9,30.8,22.0,29.9,18.3,13.2,29.4,15.7,22.5,5.1,8.3,25.0,14.3,13.1,11.9,15.9,5.1,30.0,17.7,20.3,25.5,19.2,15.3,13.8,0.0,32.9,31.4,13.8,13.6,15.7,12.8,15.2,21.2,15.3,16.0,23.5,29.4,30.7,1.06,2.42,2.47,2.46,1.9,1.4,1.92,2.08,1.05,1.08,2.31,1.76,1.78,1.44,1.82,1.88,1.05,2.12,1.1,1.67,1.08,1.47,2.09,1.28,2.07,2.16,2.2,1.0,1.73,1.56,1.47,2.28,1.53,2.16,1.17,1.25,2.25,1.37,1.42,1.52,1.99
ORD1027,LOC028,2.0,5.0,LOC028,"25135 Jean Brooks Apt. 691, Port Chad, IL 98993",25.193678900483416,55.12185366906501,13.78,22.27,22.69,11.69,8.79,22.08,16.98,17.71,19.49,10.1,17.68,16.98,18.58,24.7,23.05,19.8,21.78,16.48,29.92,18.56,10.94,27.07,32.61,23.92,26.95,26.43,14.38,20.63,0.0,10.25,19.35,23.9,14.43,19.16,14.94,21.55,22.88,20.82,8.7,9.7,11.9,22.7,35.4,36.0,19.5,15.2,35.1,27.5,28.6,31.2,17.1,28.5,27.5,29.9,39.1,36.6,31.7,34.7,26.7,46.9,29.8,18.4,42.6,50.9,37.9,42.4,41.6,23.6,32.9,0.0,17.4,31.0,37.9,23.6,30.7,24.4,34.3,36.3,33.2,15.0,16.5,19.9,1.61,2.32,2.17,2.42,1.83,1.87,2.37,1.67,1.87,1.61,1.49,1.51,1.48,2.28,1.08,1.93,1.34,1.09,1.74,1.26,1.43,2.29,1.07,2.19,2.34,1.4,1.92,1.29,1.0,1.19,2.32,2.05,1.83,1.8,2.2,2.21,1.54,1.58,1.82,2.36,1.7
ORD1029,LOC028,2.0,1.0,LOC028,"25135 Jean Brooks Apt. 691, Port Chad, IL 98993",25.193678900483416,55.12185366906501,13.78,22.27,22.69,11.69,8.79,22.08,16.98,17.71,19.49,10.1,17.68,16.98,18.58,24.7,23.05,19.8,21.78,16.48,29.92,18.56,10.94,27.07,32.61,23.92,26.95,26.43,14.38,20.63,0.0,10.25,19.35,23.9,14.43,19.16,14.94,21.55,22.88,20.82,8.7,9.7,11.9,22.7,35.4,36.0,19.5,15.2,35.1,27.5,28.6,31.2,17.1,28.5,27.5,29.9,39.1,36.6,31.7,34.7,26.7,46.9,29.8,18.4,42.6,50.9,37.9,42.4,41.6,23.6,32.9,0.0,17.4,31.0,37.9,23.6,30.7,24.4,34.3,36.3,33.2,15.0,16.5,19.9,1.61,2.32,2.17,2.42,1.83,1.87,2.37,1.67,1.87,1.61,1.49,1.51,1.48,2.28,1.08,1.93,1.34,1.09,1.74,1.26,1.43,2.29,1.07,2.19,2.34,1.4,1.92,1.29,1.0,1.19,2.32,2.05,1.83,1.8,2.2,2.21,1.54,1.58,1.82,2.36,1.7
ORD1022,LOC029,1.0,1.0,LOC029,"914 Christine View, Faithshire, CA 26938",25.10303857927799,55.10334733349389,15.66,23.46,16.05,9.07,1.47,26.76,7.21,11.49,22.16,1.35,21.32,22.76,17.79,23.73,28.29,14.74,24.01,13.29,28.05,17.67,19.49,28.92,29.63,29.08,29.35,27.71,17.04,19.59,10.25,0.0,14.52,25.66,17.99,14.68,11.02,26.14,25.46,24.11,15.0,18.23,1.82,25.5,37.2,26.1,15.6,4.2,42.1,12.8,19.2,35.2,4.0,34.0,36.1,28.7,37.6,44.4,24.1,38.0,21.9,44.1,28.5,31.2,45.4,46.4,45.6,46.0,43.6,27.6,31.4,17.4,0.0,23.8,40.5,29.0,24.0,18.5,41.2,40.2,38.2,24.5,29.3,4.7,1.87,1.97,2.44,2.33,1.56,1.75,2.28,1.26,1.65,1.22,1.79,1.09,2.42,1.35,1.79,1.43,1.41,2.13,1.76,1.4,1.53,2.46,2.19,1.08,1.77,1.78,1.58,1.61,1.31,1.0,2.14,1.74,1.64,1.95,2.47,1.67,1.87,1.25,1.18,1.92,1.83
ORD1049,LOC030,2.0,1.0,LOC030,"96779 Perez Mills Apt. 526, Lake Jesse, IA 04643",25.054463150046058,55.23718496097689,10.7,13.25,4.56,7.66,14.7,20.37,11.48,3.48,14.4,13.27,15.29,19.25,7.29,10.92,22.35,0.55,15.0,3.48,14.07,7.11,21.64,18.3,15.17,22.86,19.32,16.62,12.04,7.84,19.35,14.52,0.0,15.57,13.61,0.64,4.41,19.78,16.49,16.52,16.33,20.83,13.47,18.1,21.9,8.8,13.5,24.1,32.6,19.2,7.2,23.6,21.9,24.9,30.9,12.9,18.4,35.5,3.0,24.5,7.2,23.1,12.7,34.5,29.5,24.8,36.3,31.0,26.9,20.1,13.8,31.0,23.8,0.0,25.4,22.4,3.0,8.6,31.7,26.7,26.8,26.5,33.2,22.2,2.19,1.65,1.08,1.23,1.05,1.6,1.07,1.92,2.41,1.77,2.1,1.23,1.14,1.75,1.4,1.7,2.43,1.46,2.04,1.26,1.87,1.0,1.71,1.31,2.11,1.69,1.03,1.35,1.78,1.07,1.0,1.09,1.71,1.08,1.96,1.95,1.53,2.17,2.12,1.63,1.87
,,,,LOC031,"PSC 8146, Box 1574, APO AE 95549",25.146665851815406,55.35359012560572,10.43,2.36,19.35,16.65,24.98,7.39,25.91,18.47,4.55,24.33,6.85,10.62,8.61,6.54,9.15,15.94,2.24,13.83,10.41,8.78,18.1,3.29,14.38,9.21,3.84,2.64,9.54,7.75,23.9,25.66,15.57,0.0,9.56,14.95,15.81,7.11,2.1,4.34,15.75,18.25,25.54,17.6,5.5,31.0,27.0,39.5,13.1,40.9,29.7,8.8,38.5,12.3,17.9,14.9,11.8,15.7,25.9,5.4,22.7,17.6,15.2,29.2,6.9,23.6,15.8,7.8,6.0,16.3,13.6,37.9,40.5,25.4,0.0,16.3,24.4,25.7,12.7,5.2,8.5,25.6,29.4,40.3,1.78,1.83,2.4,1.42,2.12,1.61,1.76,1.14,1.42,1.3,1.66,1.69,1.71,2.36,1.45,1.19,2.38,2.4,2.41,2.21,2.29,2.02,1.14,2.05,1.37,2.35,1.62,1.58,1.1,1.44,1.8,1.0,1.19,1.88,2.38,1.8,2.03,1.44,1.91,2.32,2.39
ORD1006,LOC032,1.0,5.0,LOC032,"29060 Webster Passage, East Jim, AK 29402",25.174458897064117,55.26370459763248,3.05,8.26,18.16,10.05,17.0,8.78,20.43,14.91,5.07,16.79,3.42,5.76,7.64,12.09,10.39,14.15,7.38,10.33,17.46,7.75,9.63,12.66,20.95,11.14,12.52,12.16,1.56,9.11,14.43,17.99,13.61,9.56,0.0,13.02,11.12,8.15,8.45,6.49,6.22,9.39,18.38,6.6,14.4,29.2,17.1,27.5,15.2,32.6,24.4,9.6,27.2,7.1,10.6,13.5,20.1,17.6,23.2,13.1,17.5,28.2,13.6,16.4,21.0,33.4,18.7,20.8,20.2,4.3,15.7,23.6,29.0,22.4,16.3,0.0,21.5,18.7,14.2,14.7,11.7,11.3,16.1,29.6,1.45,1.36,1.82,1.8,1.34,2.0,1.34,2.13,1.77,1.46,1.65,1.84,2.45,2.04,2.42,2.2,2.17,1.16,2.32,1.82,1.69,2.16,1.67,1.69,1.5,1.54,1.55,2.2,2.17,2.17,2.32,2.24,1.0,1.55,1.32,2.4,1.2,1.29,1.57,2.36,1.26
ORD1030,LOC032,2.0,1.0,LOC032,"29060 Webster Passage, East Jim, AK 29402",25.174458897064117,55.26370459763248,3.05,8.26,18.16,10.05,17.0,8.78,20.43,14.91,5.07,16.79,3.42,5.76,7.64,12.09,10.39,14.15,7.38,10.33,17.46,7.75,9.63,12.66,20.95,11.14,12.52,12.16,1.56,9.11,14.43,17.99,13.61,9.56,0.0,13.02,11.12,8.15,8.45,6.49,6.22,9.39,18.38,6.6,14.4,29.2,17.1,27.5,15.2,32.6,24.4,9.6,27.2,7.1,10.6,13.5,20.1,17.6,23.2,13.1,17.5,28.2,13.6,16.4,21.0,33.4,18.7,20.8,20.2,4.3,15.7,23.6,29.0,22.4,16.3,0.0,21.5,18.7,14.2,14.7,11.7,11.3,16.1,29.6,1.45,1.36,1.82,1.8,1.34,2.0,1.34,2.13,1.77,1.46,1.65,1.84,2.45,2.04,2.42,2.2,2.17,1.16,2.32,1.82,1.69,2.16,1.67,1.69,1.5,1.54,1.55,2.2,2.17,2.17,2.32,2.24,1.0,1.55,1.32,2.4,1.2,1.29,1.57,2.36,1.26
ORD1053,LOC032,2.0,4.0,LOC032,"29060 Webster Passage, East Jim, AK 29402",25.174458897064117,55.26370459763248,3.05,8.26,18.16,10.05,17.0,8.78,20.43,14.91,5.07,16.79,3.42,5.76,7.64,12.09,10.39,14.15,7.38,10.33,17.46,7.75,9.63,12.66,20.95,11.14,12.52,12.16,1.56,9.11,14.43,17.99,13.61,9.56,0.0,13.02,11.12,8.15,8.45,6.49,6.22,9.39,18.38,6.6,14.4,29.2,17.1,27.5,15.2,32.6,24.4,9.6,27.2,7.1,10.6,13.5,20.1,17.6,23.2,13.1,17.5,28.2,13.6,16.4,21.0,33.4,18.7,20.8,20.2,4.3,15.7,23.6,29.0,22.4,16.3,0.0,21.5,18.7,14.2,14.7,11.7,11.3,16.1,29.6,1.45,1.36,1.82,1.8,1.34,2.0,1.34,2.13,1.77,1.46,1.65,1.84,2.45,2.04,2.42,2.2,2.17,1.16,2.32,1.82,1.69,2.16,1.67,1.69,1.5,1.54,1.55,2.2,2.17,2.17,2.32,2.24,1.0,1.55,1.32,2.4,1.2,1.29,1.57,2.36,1.26
ORD1078,LOC032,2.0,3.0,LOC032,"29060 Webster Passage, East Jim, AK 29402",25.174458897064117,55.26370459763248,3.05,8.26,18.16,10.05,17.0,8.78,20.43,14.91,5.07,16.79,3.42,5.76,7.64,12.09,10.39,14.15,7.38,10.33,17.46,7.75,9.63,12.66,20.95,11.14,12.52,12.16,1.56,9.11,14.43,17.99,13.61,9.56,0.0,13.02,11.12,8.15,8.45,6.49,6.22,9.39,18.38,6.6,14.4,29.2,17.1,27.5,15.2,32.6,24.4,9.6,27.2,7.1,10.6,13.5,20.1,17.6,23.2,13.1,17.5,28.2,13.6,16.4,21.0,33.4,18.7,20.8,20.2,4.3,15.7,23.6,29.0,22.4,16.3,0.0,21.5,18.7,14.2,14.7,11.7,11.3,16.1,29.6,1.45,1.36,1.82,1.8,1.34,2.0,1.34,2.13,1.77,1.46,1.65,1.84,2.45,2.04,2.42,2.2,2.17,1.16,2.32,1.82,1.69,2.16,1.67,1.69,1.5,1.54,1.55,2.2,2.17,2.17,2.32,2.24,1.0,1.55,1.32,2.4,1.2,1.29,1.57,2.36,1.26
ORD1043,LOC033,2.0,4.0,LOC033,"4141 Hannah Island Apt. 801, New Annaburgh, GA 99894",25.0591836249634,55.2408705591886,10.14,12.62,5.15,7.48,14.79,19.73,11.92,3.92,13.76,13.41,14.66,18.65,6.65,10.4,21.71,1.14,14.36,3.02,13.71,6.47,21.16,17.7,14.95,22.21,18.71,16.03,11.46,7.22,19.16,14.68,0.64,14.95,13.02,0.0,4.25,19.14,15.85,15.88,15.88,20.38,13.7,17.2,20.9,9.7,13.2,24.2,31.6,19.9,7.9,22.6,22.1,24.0,30.0,12.0,17.6,34.6,3.7,23.5,6.5,22.6,11.7,33.7,28.6,24.4,35.3,30.1,26.0,19.2,12.8,30.7,24.0,3.0,24.4,21.5,0.0,8.4,30.7,25.8,25.8,25.8,32.6,22.6,2.21,1.83,2.2,2.0,1.83,1.48,1.66,1.16,1.42,1.79,1.71,1.64,2.34,2.01,1.36,2.49,2.23,1.05,1.25,2.36,2.49,2.18,1.52,1.4,1.86,2.09,1.16,1.7,1.44,2.1,2.05,1.3,2.23,1.0,1.59,1.95,1.16,1.73,1.61,1.73,1.43
ORD1068,LOC033,1.0,5.0,LOC033,"4141 Hannah Island Apt. 801, New Annaburgh, GA 99894",25.0591836249634,55.2408705591886,10.14,12.62,5.15,7.48,14.79,19.73,11.92,3.92,13.76,13.41,14.66,18.65,6.65,10.4,21.71,1.14,14.36,3.02,13.71,6.47,21.16,17.7,14.95,22.21,18.71,16.03,11.46,7.22,19.16,14.68,0.64,14.95,13.02,0.0,4.25,19.14,15.85,15.88,15.88,20.38,13.7,17.2,20.9,9.7,13.2,24.2,31.6,19.9,7.9,22.6,22.1,24.0,30.0,12.0,17.6,34.6,3.7,23.5,6.5,22.6,11.7,33.7,28.6,24.4,35.3,30.1,26.0,19.2,12.8,30.7,24.0,3.0,24.4,21.5,0.0,8.4,30.7,25.8,25.8,25.8,32.6,22.6,2.21,1.83,2.2,2.0,1.83,1.48,1.66,1.16,1.42,1.79,1.71,1.64,2.34,2.01,1.36,2.49,2.23,1.05,1.25,2.36,2.49,2.18,1.52,1.4,1.86,2.09,1.16,1.7,1.44,2.1,2.05,1.3,2.23,1.0,1.59,1.95,1.16,1.73,1.61,1.73,1.43
ORD1070,LOC033,2.0,5.0,LOC033,"4141 Hannah Island Apt. 801, New Annaburgh, GA 99894",25.0591836249634,55.2408705591886,10.14,12.62,5.15,7.48,14.79,19.73,11.92,3.92,13.76,13.41,14.66,18.65,6.65,10.4,21.71,1.14,14.36,3.02,13.71,6.47,21.16,17.7,14.95,22.21,18.71,16.03,11.46,7.22,19.16,14.68,0.64,14.95,13.02,0.0,4.25,19.14,15.85,15.88,15.88,20.38,13.7,17.2,20.9,9.7,13.2,24.2,31.6,19.9,7.9,22.6,22.1,24.0,30.0,12.0,17.6,34.6,3.7,23.5,6.5,22.6,11.7,33.7,28.6,24.4,35.3,30.1,26.0,19.2,12.8,30.7,24.0,3.0,24.4,21.5,0.0,8.4,30.7,25.8,25.8,25.8,32.6,22.6,2.21,1.83,2.2,2.0,1.83,1.48,1.66,1.16,1.42,1.79,1.71,1.64,2.34,2.01,1.36,2.49,2.23,1.05,1.25,2.36,2.49,2.18,1.52,1.4,1.86,2.09,1.16,1.7,1.44,2.1,2.05,1.3,2.23,1.0,1.59,1.95,1.16,1.73,1.61,1.73,1.43
ORD1052,LOC034,2.0,3.0,LOC034,"415 Kevin Canyon, East Joseph, WV 20635",25.08647458915849,55.21127702108485,8.07,13.47,8.23,3.25,10.91,19.08,10.12,3.9,13.4,9.69,13.58,16.87,7.29,12.82,20.95,4.87,14.64,2.28,17.03,7.14,17.93,18.92,18.8,21.58,19.65,17.47,9.61,8.82,14.94,11.02,4.41,15.81,11.12,4.25,0.0,18.45,16.18,15.56,12.51,17.02,10.35,14.1,22.2,14.3,6.9,18.4,30.6,17.2,7.9,22.1,16.5,22.4,27.3,12.9,21.2,33.4,9.3,24.0,5.4,27.5,12.7,28.9,30.4,30.2,34.4,31.5,28.2,16.4,15.2,24.4,18.5,8.6,25.7,18.7,8.4,0.0,29.7,26.3,25.3,20.8,27.5,17.5,1.97,1.43,2.48,1.56,1.62,1.11,1.7,1.63,2.19,1.91,2.36,2.28,1.84,2.05,2.22,2.38,2.14,2.2,1.38,1.1,1.85,2.16,1.35,2.36,2.22,1.78,1.09,2.05,1.27,1.34,1.68,2.22,2.09,1.5,1.0,2.28,1.25,1.86,1.46,1.04,2.46
ORD1064,LOC035,2.0,5.0,LOC035,"74409 Mooney Flat, Lake Savannah, VA 77094",25.20848280501857,55.33543801023882,10.78,8.11,24.12,17.99,25.13,0.64,28.26,21.91,5.41,24.94,4.94,5.0,12.56,13.24,2.57,20.26,5.76,17.06,17.52,12.73,13.1,8.38,21.49,3.14,7.31,9.17,9.25,12.79,21.55,26.14,19.78,7.11,8.15,19.14,18.45,0.0,5.02,3.45,12.85,13.66,26.52,18.2,14.2,38.2,29.0,39.7,3.0,44.4,34.9,10.1,39.4,9.4,9.5,20.8,21.9,5.9,32.4,10.6,27.6,28.3,21.1,21.7,14.6,34.2,6.7,13.0,15.8,15.9,21.2,34.3,41.2,31.7,12.7,14.2,30.7,29.7,0.0,9.5,7.2,21.3,22.5,41.8,1.31,2.12,1.38,1.26,2.33,1.68,1.69,1.9,1.57,1.31,1.9,2.06,1.89,2.17,1.09,1.04,2.35,1.3,1.05,2.05,1.83,2.03,2.49,1.96,1.88,1.73,1.75,1.89,1.19,2.1,2.26,2.23,1.4,1.24,2.49,1.0,1.83,2.01,2.23,1.22,1.34
ORD1001,LOC036,2.0,4.0,LOC036,"80522 Ortiz Street Suite 379, Jamesstad, CA 96806",25.16454853911666,55.34692911247501,9.89,3.49,20.51,16.61,24.68,5.32,26.3,19.15,3.43,24.16,5.35,8.68,9.27,8.39,7.14,16.9,1.54,14.37,12.5,9.45,16.37,4.33,16.47,7.28,4.08,4.44,8.75,8.84,22.88,25.46,16.49,2.1,8.45,15.85,16.18,5.02,0.0,2.43,14.48,16.62,25.49,16.8,7.2,32.8,26.9,39.0,10.0,41.5,30.7,7.1,38.2,10.0,15.0,15.9,14.6,12.7,27.3,4.3,23.6,20.8,16.2,26.6,8.5,26.7,12.9,8.1,8.7,15.1,15.3,36.3,40.2,26.7,5.2,14.7,25.8,26.3,9.5,0.0,5.6,23.7,26.9,40.2,1.27,1.17,1.89,1.73,1.83,1.38,1.81,1.37,1.48,1.88,1.52,2.46,2.08,2.42,1.64,2.42,1.32,1.28,1.99,2.09,2.06,1.85,1.64,2.08,1.01,1.92,1.98,2.47,1.26,1.67,1.41,1.78,2.49,2.05,1.9,1.65,1.0,2.1,2.27,2.22,1.36
ORD1063,LOC037,1.0,2.0,LOC037,"407 David Meadows, Samuelton, KY 18556",25.178171598487268,55.32806774659065,8.46,4.77,20.79,15.53,23.23,3.97,25.57,18.85,2.17,22.85,3.15,6.28,9.24,9.92,5.96,16.98,2.47,13.99,14.5,9.42,13.95,6.71,18.43,6.37,6.22,6.84,7.11,9.35,20.82,24.11,16.52,4.34,6.49,15.88,15.56,3.45,2.43,0.0,12.28,14.22,24.3,14.7,9.2,33.2,25.3,36.8,8.0,40.4,30.3,5.3,36.3,6.7,11.4,15.9,16.9,10.9,27.5,5.7,23.0,23.8,16.1,22.9,12.1,29.6,11.6,11.3,12.3,12.7,16.0,33.2,38.2,26.8,8.5,11.7,25.8,25.3,7.2,5.6,0.0,20.4,23.3,38.5,1.66,2.16,1.39,1.07,2.21,2.07,1.99,1.01,1.04,1.07,1.39,2.33,2.23,1.16,2.17,1.02,1.28,1.24,2.03,1.11,1.76,1.16,1.98,1.53,2.36,2.45,1.43,2.27,1.26,1.8,2.35,1.64,1.78,1.17,1.46,1.99,2.2,1.0,2.46,1.63,1.75
ORD1034,LOC038,2.0,4.0,LOC038,"92374 Margaret Island Apt. 601, Popeshire, PA 40094",25.198906773661182,55.20814754994267,6.88,14.46,20.65,9.93,13.7,13.39,19.48,16.31,11.21,14.09,9.16,8.4,12.48,17.9,14.43,16.87,13.54,12.86,23.3,12.53,5.45,18.77,26.55,15.28,18.48,18.36,6.73,14.35,8.7,15.0,16.33,15.75,6.22,15.88,12.51,12.85,14.48,12.28,0.0,4.52,15.95,12.3,23.7,33.0,16.9,22.6,22.1,31.2,26.5,18.8,23.1,15.7,14.6,20.7,28.8,23.6,27.3,22.3,21.3,37.0,20.8,10.2,30.2,41.8,24.9,29.7,29.5,12.1,23.5,15.0,24.5,26.5,25.6,11.3,25.8,20.8,21.3,23.7,20.4,0.0,8.8,25.9,1.42,2.14,2.23,1.85,2.3,1.39,1.33,1.97,2.19,2.3,1.75,2.12,1.76,1.71,2.04,2.43,1.67,2.32,1.38,1.46,1.03,1.28,2.17,1.05,2.47,1.81,2.14,2.1,2.01,2.02,1.77,1.49,1.38,2.1,2.34,2.15,1.61,1.1,1.0,2.41,1.49
ORD1044,LOC038,1.0,3.0,LOC038,"92374 Margaret Island Apt. 601, Popeshire, PA 40094",25.198906773661182,55.20814754994267,6.88,14.46,20.65,9.93,13.7,13.39,19.48,16.31,11.21,14.09,9.16,8.4,12.48,17.9,14.43,16.87,13.54,12.86,23.3,12.53,5.45,18.77,26.55,15.28,18.48,18.36,6.73,14.35,8.7,15.0,16.33,15.75,6.22,15.88,12.51,12.85,14.48,12.28,0.0,4.52,15.95,12.3,23.7,33.0,16.9,22.6,22.1,31.2,26.5,18.8,23.1,15.7,14.6,20.7,28.8,23.6,27.3,22.3,21.3,37.0,20.8,10.2,30.2,41.8,24.9,29.7,29.5,12.1,23.5,15.0,24.5,26.5,25.6,11.3,25.8,20.8,21.3,23.7,20.4,0.0,8.8,25.9,1.42,2.14,2.23,1.85,2.3,1.39,1.33,1.97,2.19,2.3,1.75,2.12,1.76,1.71,2.04,2.43,1.67,2.32,1.38,1.46,1.03,1.28,2.17,1.05,2.47,1.81,2.14,2.1,2.01,2.02,1.77,1.49,1.38,2.1,2.34,2.15,1.61,1.1,1.0,2.41,1.49
ORD1048,LOC038,2.0,2.0,LOC038,"92374 Margaret Island Apt. 601, Popeshire, PA 40094",25.198906773661182,55.20814754994267,6.88,14.46,20.65,9.93,13.7,13.39,19.48,16.31,11.21,14.09,9.16,8.4,12.48,17.9,14.43,16.87,13.54,12.86,23.3,12.53,5.45,18.77,26.55,15.28,18.48,18.36,6.73,14.35,8.7,15.0,16.33,15.75,6.22,15.88,12.51,12.85,14.48,12.28,0.0,4.52,15.95,12.3,23.7,33.0,16.9,22.6,22.1,31.2,26.5,18.8,23.1,15.7,14.6,20.7,28.8,23.6,27.3,22.3,21.3,37.0,20.8,10.2,30.2,41.8,24.9,29.7,29.5,12.1,23.5,15.0,24.5,26.5,25.6,11.3,25.8,20.8,21.3,23.7,20.4,0.0,8.8,25.9,1.42,2.14,2.23,1.85,2.3,1.39,1.33,1.97,2.19,2.3,1.75,2.12,1.76,1.71,2.04,2.43,1.67,2.32,1.38,1.46,1.03,1.28,2.17,1.05,2.47,1.81,2.14,2.1,2.01,2.02,1.77,1.49,1.38,2.1,2.34,2.15,1.61,1.1,1.0,2.41,1.49
ORD1026,LOC039,2.0,5.0,LOC039,"649 Jones Bypass, Woodtown, OR 91432",25.23938536791333,55.203974809294586,10.97,17.42,25.17,14.36,16.82,14.06,23.47,20.81,13.76,17.53,11.39,8.67,16.55,21.48,14.5,21.38,16.02,17.37,26.86,16.62,1.28,20.92,30.32,15.36,20.33,20.88,10.41,18.28,9.7,18.23,20.83,18.25,9.39,20.38,17.02,13.66,16.62,14.22,4.52,0.0,19.44,18.5,28.1,39.8,23.5,27.2,23.1,37.2,33.2,22.6,28.3,19.1,15.0,26.8,34.2,23.8,34.1,26.0,28.1,42.3,26.9,3.9,33.4,47.5,25.0,32.5,33.3,17.6,29.4,16.5,29.3,33.2,29.4,16.1,32.6,27.5,22.5,26.9,23.3,8.8,0.0,31.2,1.88,1.57,1.62,2.1,1.01,1.88,2.07,2.37,1.58,1.47,1.03,1.46,2.32,1.97,2.01,1.25,2.2,2.22,2.13,2.4,1.72,2.11,1.4,1.9,2.33,1.52,1.88,1.69,1.84,1.21,2.12,1.73,1.1,2.22,1.49,1.09,1.3,1.5,1.26,1.0,1.41
ORD1040,LOC039,2.0,3.0,LOC039,"649 Jones Bypass, Woodtown, OR 91432",25.23938536791333,55.203974809294586,10.97,17.42,25.17,14.36,16.82,14.06,23.47,20.81,13.76,17.53,11.39,8.67,16.55,21.48,14.5,21.38,16.02,17.37,26.86,16.62,1.28,20.92,30.32,15.36,20.33,20.88,10.41,18.28,9.7,18.23,20.83,18.25,9.39,20.38,17.02,13.66,16.62,14.22,4.52,0.0,19.44,18.5,28.1,39.8,23.5,27.2,23.1,37.2,33.2,22.6,28.3,19.1,15.0,26.8,34.2,23.8,34.1,26.0,28.1,42.3,26.9,3.9,33.4,47.5,25.0,32.5,33.3,17.6,29.4,16.5,29.3,33.2,29.4,16.1,32.6,27.5,22.5,26.9,23.3,8.8,0.0,31.2,1.88,1.57,1.62,2.1,1.01,1.88,2.07,2.37,1.58,1.47,1.03,1.46,2.32,1.97,2.01,1.25,2.2,2.22,2.13,2.4,1.72,2.11,1.4,1.9,2.33,1.52,1.88,1.69,1.84,1.21,2.12,1.73,1.1,2.22,1.49,1.09,1.3,1.5,1.26,1.0,1.41
ORD1065,LOC039,3.0,2.0,LOC039,"649 Jones Bypass, Woodtown, OR 91432",25.23938536791333,55.203974809294586,10.97,17.42,25.17,14.36,16.82,14.06,23.47,20.81,13.76,17.53,11.39,8.67,16.55,21.48,14.5,21.38,16.02,17.37,26.86,16.62,1.28,20.92,30.32,15.36,20.33,20.88,10.41,18.28,9.7,18.23,20.83,18.25,9.39,20.38,17.02,13.66,16.62,14.22,4.52,0.0,19.44,18.5,28.1,39.8,23.5,27.2,23.1,37.2,33.2,22.6,28.3,19.1,15.0,26.8,34.2,23.8,34.1,26.0,28.1,42.3,26.9,3.9,33.4,47.5,25.0,32.5,33.3,17.6,29.4,16.5,29.3,33.2,29.4,16.1,32.6,27.5,22.5,26.9,23.3,8.8,0.0,31.2,1.88,1.57,1.62,2.1,1.01,1.88,2.07,2.37,1.58,1.47,1.03,1.46,2.32,1.97,2.01,1.25,2.2,2.22,2.13,2.4,1.72,2.11,1.4,1.9,2.33,1.52,1.88,1.69,1.84,1.21,2.12,1.73,1.1,2.22,1.49,1.09,1.3,1.5,1.26,1.0,1.41
ORD1014,LOC040,3.0,3.0,LOC040,"8702 Kathryn Station Suite 288, Nelsonburgh, OH 54780",25.087376281415374,55.10847368951693,15.86,23.29,14.61,8.9,3.14,27.15,5.4,10.26,22.28,1.92,21.63,23.41,17.41,23.17,28.76,13.63,24.01,12.63,27.27,17.28,20.69,28.78,28.64,29.52,29.3,27.48,17.31,19.11,11.9,1.82,13.47,25.54,18.38,13.7,10.35,26.52,25.49,24.3,15.95,19.44,0.0,25.8,36.9,23.9,15.4,6.7,42.7,10.1,17.4,35.4,4.9,34.4,37.1,28.1,36.8,45.1,22.4,38.0,20.9,42.9,27.9,33.0,45.2,45.0,46.3,46.0,43.2,28.0,30.7,19.9,4.7,22.2,40.3,29.6,22.6,17.5,41.8,40.2,38.5,25.9,31.2,0.0,1.17,2.26,1.08,2.08,2.21,2.42,1.86,1.98,2.04,1.92,1.62,1.34,1.98,2.37,1.97,1.54,1.25,1.93,1.89,1.61,2.0,1.98,2.33,1.07,1.62,2.3,2.15,1.99,1.45,1.56,1.64,2.19,1.65,1.97,1.19,2.44,1.7,2.1,1.11,2.45,1.0
