from_location_id,to_location_id,distance_km,base_time_min,traffic_multiplier
DEPOT,LOC001,8.56,14.8,2.05
DEPOT,LOC002,15.25,24.9,1.75
DEPOT,LOC003,7.21,12.8,1.77
DEPOT,LOC004,14.81,24.2,1.42
DEPOT,LOC005,11.42,19.1,1.92
DEPOT,LOC006,17.53,28.3,1.64
DEPOT,LOC007,11.86,19.8,1.28
DEPOT,LOC008,6.52,11.8,1.25
DEPOT,LOC009,14.39,23.6,2.15
DEPOT,LOC010,5.84,10.8,1.17
DEPOT,LOC011,8.81,15.2,1.35
DEPOT,LOC012,5.62,10.4,1.28
DEPOT,LOC013,11.17,18.8,1.15
DEPOT,LOC014,13.17,21.8,2.09
DEPOT,LOC015,11.25,18.9,1.55
DEPOT,LOC016,8.52,14.8,1.42
DEPOT,LOC017,7.34,13.0,1.5
DEPOT,LOC018,16.55,26.8,1.82
DEPOT,LOC019,5.68,10.5,1.9
DEPOT,LOC020,11.5,19.2,2.47
DEPOT,LOC021,13.71,22.6,1.91
DEPOT,LOC022,19.69,31.5,1.42
DEPOT,LOC023,13.87,22.8,2.32
DEPOT,LOC024,13.9,22.9,1.72
DEPOT,LOC025,12.83,21.2,1.83
DEPOT,LOC026,1.57,4.4,2.4
DEPOT,LOC027,7.47,13.2,1.13
DEPOT,LOC028,13.78,22.7,1.14
DEPOT,LOC029,15.66,25.5,1.98
DEPOT,LOC030,10.7,18.1,1.15
DEPOT,LOC031,10.43,17.6,1.13
DEPOT,LOC032,3.05,6.6,1.68
DEPOT,LOC033,10.14,17.2,2.01
DEPOT,LOC034,8.07,14.1,1.8
DEPOT,LOC035,10.78,18.2,2.32
DEPOT,LOC036,9.89,16.8,1.33
DEPOT,LOC037,8.46,14.7,2.06
DEPOT,LOC038,6.88,12.3,2.04
DEPOT,LOC039,10.97,18.5,1.44
DEPOT,LOC040,15.86,25.8,1.64
LOC001,DEPOT,8.56,14.8,2.24
LOC001,LOC002,17.12,27.7,1.12
LOC001,LOC003,14.41,23.6,1.79
LOC001,LOC004,22.83,36.2,1.26
LOC001,LOC005,8.53,14.8,1.98
LOC001,LOC006,23.56,37.3,1.73
LOC001,LOC007,16.11,26.2,2.22
LOC001,LOC008,3.83,7.7,1.25
LOC001,LOC009,22.12,35.2,1.08
LOC001,LOC010,6.24,11.4,2.1
LOC001,LOC011,10.6,17.9,2.01
LOC001,LOC012,6.25,11.4,1.99
LOC001,LOC013,5.15,9.7,1.85
LOC001,LOC014,10.46,17.7,1.7
LOC001,LOC015,13.63,22.4,1.44
LOC001,LOC016,2.35,5.5,1.99
LOC001,LOC017,11.47,19.2,2.41
LOC001,LOC018,9.92,16.9,2.29
LOC001,LOC019,6.41,11.6,1.82
LOC001,LOC020,17.43,28.1,2.41
LOC001,LOC021,5.5,10.2,1.31
LOC001,LOC022,13.77,22.7,1.91
LOC001,LOC023,10.69,18.0,1.29
LOC001,LOC024,6.2,11.3,1.33
LOC001,LOC025,4.31,8.5,1.56
LOC001,LOC026,7.91,13.9,1.94
LOC001,LOC027,5.46,10.2,1.94
LOC001,LOC028,22.27,35.4,1.43
LOC001,LOC029,23.46,37.2,2.02
LOC001,LOC030,13.25,21.9,1.75
LOC001,LOC031,2.36,5.5,1.33
LOC001,LOC032,8.26,14.4,1.42
LOC001,LOC033,12.62,20.9,1.85
LOC001,LOC034,13.47,22.2,2.44
LOC001,LOC035,8.11,14.2,2.47
LOC001,LOC036,3.49,7.2,2.34
LOC001,LOC037,4.77,9.2,1.31
LOC001,LOC038,14.46,23.7,2.01
LOC001,LOC039,17.42,28.1,1.3
LOC001,LOC040,23.29,36.9,1.94
LOC002,DEPOT,15.25,24.9,2.47
LOC002,LOC001,17.12,27.7,2.05
LOC002,LOC003,11.32,19.0,1.15
LOC002,LOC004,16.62,26.9,2.11
LOC002,LOC005,24.7,39.1,1.75
LOC002,LOC006,10.96,18.4,1.02
LOC002,LOC007,4.99,9.5,2.45
LOC002,LOC008,18.72,30.1,1.5
LOC002,LOC009,15.0,24.5,1.33
LOC002,LOC010,19.76,31.6,1.12
LOC002,LOC011,23.8,37.7,1.65
LOC002,LOC012,11.56,19.3,2.49
LOC002,LOC013,13.85,22.8,1.72
LOC002,LOC014,26.69,42.0,1.03
LOC002,LOC015,4.01,8.0,1.73
LOC002,LOC016,19.07,30.6,2.05
LOC002,LOC017,7.96,13.9,1.34
LOC002,LOC018,15.59,25.4,1.79
LOC002,LOC019,11.39,19.1,2.13
LOC002,LOC020,26.03,41.0,1.13
LOC002,LOC021,21.78,34.7,1.37
LOC002,LOC022,15.52,25.3,1.74
LOC002,LOC023,27.15,42.7,1.09
LOC002,LOC024,22.96,36.4,1.39
LOC002,LOC025,20.01,32.0,1.02
LOC002,LOC026,16.6,26.9,1.09
LOC002,LOC027,11.68,19.5,2.33
LOC002,LOC028,22.69,36.0,2.2
LOC002,LOC029,16.05,26.1,1.53
LOC002,LOC030,4.56,8.8,1.24
LOC002,LOC031,19.35,31.0,1.17
LOC002,LOC032,18.16,29.2,1.97
LOC002,LOC033,5.15,9.7,2.44
LOC002,LOC034,8.23,14.3,2.38
LOC002,LOC035,24.12,38.2,1.54
LOC002,LOC036,20.51,32.8,2.16
LOC002,LOC037,20.79,33.2,1.75
LOC002,LOC038,20.65,33.0,1.03
LOC002,LOC039,25.17,39.8,1.39
LOC002,LOC040,14.61,23.9,1.48
LOC003,DEPOT,7.21,12.8,1.69
LOC003,LOC001,14.41,23.6,2.48
LOC003,LOC002,11.32,19.0,1.69
LOC003,LOC004,8.6,14.9,1.63
LOC003,LOC005,18.63,29.9,1.14
LOC003,LOC006,10.39,17.6,1.16
LOC003,LOC007,6.56,11.8,1.59
LOC003,LOC008,13.45,22.2,2.3
LOC003,LOC009,7.73,13.6,1.72
LOC003,LOC010,13.05,21.6,1.9
LOC003,LOC011,15.58,25.4,2.11
LOC003,LOC012,8.75,15.1,2.19
LOC003,LOC013,14.83,24.2,2.1
LOC003,LOC014,20.37,32.6,1.65
LOC003,LOC015,8.12,14.2,2.26
LOC003,LOC016,15.12,24.7,2.38
LOC003,LOC017,4.96,9.4,1.86
LOC003,LOC018,19.5,31.2,1.26
LOC003,LOC019,8.65,15.0,1.99
LOC003,LOC020,15.38,25.1,2.06
LOC003,LOC021,19.9,31.8,2.29
LOC003,LOC022,21.61,34.4,1.77
LOC003,LOC023,21.08,33.6,2.49
LOC003,LOC024,20.4,32.6,1.59
LOC003,LOC025,18.65,30.0,2.06
LOC003,LOC026,8.75,15.1,2.33
LOC003,LOC027,10.63,17.9,1.39
LOC003,LOC028,11.69,19.5,1.52
LOC003,LOC029,9.07,15.6,2.17
LOC003,LOC030,7.66,13.5,2.34
LOC003,LOC031,16.65,27.0,2.47
LOC003,LOC032,10.05,17.1,1.08
LOC003,LOC033,7.48,13.2,2.44
LOC003,LOC034,3.25,6.9,1.03
LOC003,LOC035,17.99,29.0,1.35
LOC003,LOC036,16.61,26.9,1.55
LOC003,LOC037,15.53,25.3,1.7
LOC003,LOC038,9.93,16.9,1.06
LOC003,LOC039,14.36,23.5,1.36
LOC003,LOC040,8.9,15.4,2.5
LOC004,DEPOT,14.81,24.2,1.42
LOC004,LOC001,22.83,36.2,1.32
LOC004,LOC002,16.62,26.9,1.87
LOC004,LOC003,8.6,14.9,1.44
LOC004,LOC005,25.75,40.6,1.63
LOC004,LOC006,8.46,14.7,2.37
LOC004,LOC007,11.87,19.8,2.02
LOC004,LOC008,21.33,34.0,2.16
LOC004,LOC009,1.67,4.5,2.12
LOC004,LOC010,20.37,32.6,2.31
LOC004,LOC011,21.6,34.4,1.57
LOC004,LOC012,17.35,28.0,2.3
LOC004,LOC013,23.41,37.1,1.58
LOC004,LOC014,27.22,42.8,1.42
LOC004,LOC015,14.96,24.4,1.63
LOC004,LOC016,23.25,36.9,1.95
LOC004,LOC017,13.13,21.7,2.28
LOC004,LOC018,27.91,43.9,1.12
LOC004,LOC019,17.25,27.9,2.07
LOC004,LOC020,18.09,29.1,1.57
LOC004,LOC021,28.26,44.4,1.01
LOC004,LOC022,29.67,46.5,1.28
LOC004,LOC023,28.02,44.0,1.08
LOC004,LOC024,28.62,44.9,2.41
LOC004,LOC025,27.12,42.7,1.37
LOC004,LOC026,16.13,26.2,2.32
LOC004,LOC027,19.23,30.8,2.12
LOC004,LOC028,8.79,15.2,1.2
LOC004,LOC029,1.47,4.2,2.11
LOC004,LOC030,14.7,24.1,1.09
LOC004,LOC031,24.98,39.5,1.44
LOC004,LOC032,17.0,27.5,1.28
LOC004,LOC033,14.79,24.2,2.29
LOC004,LOC034,10.91,18.4,1.85
LOC004,LOC035,25.13,39.7,1.74
LOC004,LOC036,24.68,39.0,2.05
LOC004,LOC037,23.23,36.8,1.49
LOC004,LOC038,13.7,22.6,1.88
LOC004,LOC039,16.82,27.2,1.92
LOC004,LOC040,3.14,6.7,2.08
LOC005,DEPOT,11.42,19.1,2.26
LOC005,LOC001,8.53,14.8,2.39
LOC005,LOC002,24.7,39.1,1.17
LOC005,LOC003,18.63,29.9,1.37
LOC005,LOC004,25.75,40.6,1.25
LOC005,LOC006,28.9,45.4,1.71
LOC005,LOC007,22.53,35.8,2.39
LOC005,LOC008,5.98,11.0,2.27
LOC005,LOC009,25.57,40.4,2.17
LOC005,LOC010,5.58,10.4,1.46
LOC005,LOC011,5.39,10.1,1.1
LOC005,LOC012,13.14,21.7,1.29
LOC005,LOC013,13.63,22.4,1.12
LOC005,LOC014,2.0,5.0,1.95
LOC005,LOC015,20.85,33.3,1.53
LOC005,LOC016,6.19,11.3,2.19
LOC005,LOC017,17.68,28.5,2.34
LOC005,LOC018,17.8,28.7,1.56
LOC005,LOC019,13.31,22.0,1.69
LOC005,LOC020,13.45,22.2,2.4
LOC005,LOC021,8.42,14.6,1.92
LOC005,LOC022,21.77,34.7,1.78
LOC005,LOC023,2.51,5.8,1.82
LOC005,LOC024,7.25,12.9,1.81
LOC005,LOC025,9.32,16.0,1.81
LOC005,LOC026,9.89,16.8,1.29
LOC005,LOC027,13.32,22.0,2.39
LOC005,LOC028,22.08,35.1,1.52
LOC005,LOC029,26.76,42.1,2.18
LOC005,LOC030,20.37,32.6,1.92
LOC005,LOC031,7.39,13.1,1.95
LOC005,LOC032,8.78,15.2,2.07
LOC005,LOC033,19.73,31.6,2.02
LOC005,LOC034,19.08,30.6,1.93
LOC005,LOC035,0.64,3.0,1.4
LOC005,LOC036,5.32,10.0,2.48
LOC005,LOC037,3.97,8.0,1.39
LOC005,LOC038,13.39,22.1,2.27
LOC005,LOC039,14.06,23.1,1.57
LOC005,LOC040,27.15,42.7,2.44
LOC006,DEPOT,17.53,28.3,1.11
LOC006,LOC001,23.56,37.3,1.29
LOC006,LOC002,10.96,18.4,1.48
LOC006,LOC003,10.39,17.6,1.91
LOC006,LOC004,8.46,14.7,2.3
LOC006,LOC005,28.9,45.4,1.27
LOC006,LOC007,8.0,14.0,1.88
LOC006,LOC008,23.43,37.1,2.24
LOC006,LOC009,6.93,12.4,1.5
LOC006,LOC010,23.33,37.0,1.47
LOC006,LOC011,25.96,40.9,1.1
LOC006,LOC012,17.33,28.0,2.08
LOC006,LOC013,22.25,35.4,1.84
LOC006,LOC014,30.69,48.0,1.39
LOC006,LOC015,11.42,19.1,2.21
LOC006,LOC016,24.76,39.1,2.45
LOC006,LOC017,12.11,20.2,2.14
LOC006,LOC018,25.5,40.2,1.52
LOC006,LOC019,17.17,27.8,1.14
LOC006,LOC020,24.65,39.0,2.48
LOC006,LOC021,28.97,45.5,1.95
LOC006,LOC022,26.16,41.2,1.05
LOC006,LOC023,31.38,49.1,1.88
LOC006,LOC024,29.75,46.6,1.1
LOC006,LOC025,27.45,43.2,2.28
LOC006,LOC026,19.09,30.6,1.97
LOC006,LOC027,18.62,29.9,1.42
LOC006,LOC028,16.98,27.5,1.98
LOC006,LOC029,7.21,12.8,2.16
LOC006,LOC030,11.48,19.2,1.43
LOC006,LOC031,25.91,40.9,2.36
LOC006,LOC032,20.43,32.6,1.19
LOC006,LOC033,11.92,19.9,2.27
LOC006,LOC034,10.12,17.2,2.43
LOC006,LOC035,28.26,44.4,1.05
LOC006,LOC036,26.3,41.5,1.27
LOC006,LOC037,25.57,40.4,1.39
LOC006,LOC038,19.48,31.2,1.51
LOC006,LOC039,23.47,37.2,1.29
LOC006,LOC040,5.4,10.1,2.34
LOC007,DEPOT,11.86,19.8,1.6
LOC007,LOC001,16.11,26.2,1.36
LOC007,LOC002,4.99,9.5,1.84
LOC007,LOC003,6.56,11.8,1.43
LOC007,LOC004,11.87,19.8,1.71
LOC007,LOC005,22.53,35.8,1.99
LOC007,LOC006,8.0,14.0,2.45
LOC007,LOC008,16.68,27.0,1.63
LOC007,LOC009,10.33,17.5,1.95
LOC007,LOC010,17.16,27.7,1.57
LOC007,LOC011,20.67,33.0,1.9
LOC007,LOC012,9.9,16.9,1.98
LOC007,LOC013,14.29,23.4,2.47
LOC007,LOC014,24.46,38.7,1.72
LOC007,LOC015,3.49,7.2,1.46
LOC007,LOC016,17.62,28.4,1.04
LOC007,LOC017,4.86,9.3,2.29
LOC007,LOC018,17.55,28.3,1.61
LOC007,LOC019,9.72,16.6,1.67
LOC007,LOC020,21.76,34.6,1.88
LOC007,LOC021,21.36,34.0,1.76
LOC007,LOC022,18.5,29.8,2.26
LOC007,LOC023,25.04,39.6,1.54
LOC007,LOC024,22.28,35.4,2.11
LOC007,LOC025,19.75,31.6,1.03
LOC007,LOC026,13.38,22.1,2.3
LOC007,LOC027,10.88,18.3,2.07
LOC007,LOC028,17.71,28.6,1.57
LOC007,LOC029,11.49,19.2,1.86
LOC007,LOC030,3.48,7.2,1.95
LOC007,LOC031,18.47,29.7,1.6
LOC007,LOC032,14.91,24.4,1.9
LOC007,LOC033,3.92,7.9,1.34
LOC007,LOC034,3.9,7.9,1.07
LOC007,LOC035,21.91,34.9,1.85
LOC007,LOC036,19.15,30.7,1.01
LOC007,LOC037,18.85,30.3,2.46
LOC007,LOC038,16.31,26.5,1.48
LOC007,LOC039,20.81,33.2,1.86
LOC007,LOC040,10.26,17.4,2.39
LOC008,DEPOT,6.52,11.8,1.66
LOC008,LOC001,3.83,7.7,1.95
LOC008,LOC002,18.72,30.1,1.9
LOC008,LOC003,13.45,22.2,2.32
LOC008,LOC004,21.33,34.0,1.55
LOC008,LOC005,5.98,11.0,1.95
LOC008,LOC006,23.43,37.1,1.5
LOC008,LOC007,16.68,27.0,1.4
LOC008,LOC009,20.88,33.3,1.26
LOC008,LOC010,2.43,5.6,1.33
LOC008,LOC011,6.82,12.2,1.95
LOC008,LOC012,7.15,12.7,2.12
LOC008,LOC013,8.72,15.1,1.23
LOC008,LOC014,7.97,14.0,1.65
LOC008,LOC015,14.87,24.3,1.68
LOC008,LOC016,2.33,5.5,1.57
LOC008,LOC017,11.83,19.7,1.84
LOC008,LOC018,13.72,22.6,1.55
LOC008,LOC019,7.33,13.0,2.24
LOC008,LOC020,13.69,22.5,2.33
LOC008,LOC021,7.59,13.4,2.24
LOC008,LOC022,17.53,28.3,2.4
LOC008,LOC023,8.45,14.7,2.39
LOC008,LOC024,7.51,13.3,1.83
LOC008,LOC025,7.19,12.8,2.34
LOC008,LOC026,5.32,10.0,1.09
LOC008,LOC027,7.47,13.2,1.69
LOC008,LOC028,19.49,31.2,2.14
LOC008,LOC029,22.16,35.2,1.04
LOC008,LOC030,14.4,23.6,1.79
LOC008,LOC031,4.55,8.8,1.08
LOC008,LOC032,5.07,9.6,1.22
LOC008,LOC033,13.76,22.6,2.19
LOC008,LOC034,13.4,22.1,2.33
LOC008,LOC035,5.41,10.1,1.2
LOC008,LOC036,3.43,7.1,1.54
LOC008,LOC037,2.17,5.3,1.84
LOC008,LOC038,11.21,18.8,1.12
LOC008,LOC039,13.76,22.6,2.31
LOC008,LOC040,22.28,35.4,1.6
LOC009,DEPOT,14.39,23.6,1.89
LOC009,LOC001,22.12,35.2,1.01
LOC009,LOC002,15.0,24.5,1.12
LOC009,LOC003,7.73,13.6,2.48
LOC009,LOC004,1.67,4.5,1.82
LOC009,LOC005,25.57,40.4,2.37
LOC009,LOC006,6.93,12.4,2.14
LOC009,LOC007,10.33,17.5,1.38
LOC009,LOC008,20.88,33.3,1.46
LOC009,LOC010,20.1,32.2,1.35
LOC009,LOC011,21.68,34.5,1.52
LOC009,LOC012,16.43,26.6,1.39
LOC009,LOC013,22.38,35.6,1.26
LOC009,LOC014,27.13,42.7,1.43
LOC009,LOC015,13.5,22.2,1.47
LOC009,LOC016,22.7,36.1,1.05
LOC009,LOC017,11.95,19.9,1.96
LOC009,LOC018,26.72,42.1,1.97
LOC009,LOC019,16.32,26.5,1.5
LOC009,LOC020,18.77,30.2,1.13
LOC009,LOC021,27.6,43.4,2.47
LOC009,LOC022,28.34,44.5,1.86
LOC009,LOC023,27.91,43.9,1.53
LOC009,LOC024,28.04,44.1,1.89
LOC009,LOC025,26.37,41.6,1.73
LOC009,LOC026,15.79,25.7,1.78
LOC009,LOC027,18.24,29.4,1.08
LOC009,LOC028,10.1,17.1,2.35
LOC009,LOC029,1.35,4.0,1.57
LOC009,LOC030,13.27,21.9,1.53
LOC009,LOC031,24.33,38.5,1.76
LOC009,LOC032,16.79,27.2,1.62
LOC009,LOC033,13.41,22.1,1.12
LOC009,LOC034,9.69,16.5,1.39
LOC009,LOC035,24.94,39.4,1.96
LOC009,LOC036,24.16,38.2,2.15
LOC009,LOC037,22.85,36.3,2.24
LOC009,LOC038,14.09,23.1,2.2
LOC009,LOC039,17.53,28.3,1.94
LOC009,LOC040,1.92,4.9,1.52
LOC010,DEPOT,5.84,10.8,2.04
LOC010,LOC001,6.24,11.4,2.12
LOC010,LOC002,19.76,31.6,1.34
LOC010,LOC003,13.05,21.6,2.43
LOC010,LOC004,20.37,32.6,1.5
LOC010,LOC005,5.58,10.4,2.38
LOC010,LOC006,23.33,37.0,1.78
LOC010,LOC007,17.16,27.7,2.31
LOC010,LOC008,2.43,5.6,1.94
LOC010,LOC009,20.1,32.2,1.29
LOC010,LOC011,4.6,8.9,1.88
LOC010,LOC012,8.35,14.5,1.07
LOC010,LOC013,10.99,18.5,2.43
LOC010,LOC014,7.38,13.1,1.3
LOC010,LOC015,15.8,25.7,1.4
LOC010,LOC016,4.63,8.9,2.05
LOC010,LOC017,12.35,20.5,2.14
LOC010,LOC018,16.1,26.2,2.23
LOC010,LOC019,8.51,14.8,2.26
LOC010,LOC020,11.28,18.9,2.22
LOC010,LOC021,9.67,16.5,1.54
LOC010,LOC022,19.86,31.8,1.56
LOC010,LOC023,8.05,14.1,1.19
LOC010,LOC024,9.33,16.0,1.38
LOC010,LOC025,9.49,16.2,1.77
LOC010,LOC026,4.33,8.5,1.28
LOC010,LOC027,9.15,15.7,2.1
LOC010,LOC028,17.68,28.5,1.93
LOC010,LOC029,21.32,34.0,1.61
LOC010,LOC030,15.29,24.9,1.73
LOC010,LOC031,6.85,12.3,1.26
LOC010,LOC032,3.42,7.1,2.01
LOC010,LOC033,14.66,24.0,1.8
LOC010,LOC034,13.58,22.4,1.79
LOC010,LOC035,4.94,9.4,1.28
LOC010,LOC036,5.35,10.0,1.82
LOC010,LOC037,3.15,6.7,1.98
LOC010,LOC038,9.16,15.7,2.1
LOC010,LOC039,11.39,19.1,1.87
LOC010,LOC040,21.63,34.4,2.39
LOC011,DEPOT,8.81,15.2,1.41
LOC011,LOC001,10.6,17.9,1.88
LOC011,LOC002,23.8,37.7,2.29
LOC011,LOC003,15.58,25.4,1.63
LOC011,LOC004,21.6,34.4,1.43
LOC011,LOC005,5.39,10.1,2.39
LOC011,LOC006,25.96,40.9,2.0
LOC011,LOC007,20.67,33.0,1.5
LOC011,LOC008,6.82,12.2,1.96
LOC011,LOC009,21.68,34.5,2.32
LOC011,LOC010,4.6,8.9,1.08
LOC011,LOC012,12.71,21.1,2.48
LOC011,LOC013,15.53,25.3,1.62
LOC011,LOC014,6.07,11.1,1.84
LOC011,LOC015,19.79,31.7,1.15
LOC011,LOC016,8.58,14.9,1.23
LOC011,LOC017,16.05,26.1,2.26
LOC011,LOC018,20.52,32.8,2.32
LOC011,LOC019,12.86,21.3,1.15
LOC011,LOC020,8.11,14.2,2.4
LOC011,LOC021,12.78,21.2,1.6
LOC011,LOC022,24.35,38.5,1.57
LOC011,LOC023,6.94,12.4,1.23
LOC011,LOC024,11.96,19.9,2.09
LOC011,LOC025,13.11,21.7,1.62
LOC011,LOC026,7.3,13.0,2.04
LOC011,LOC027,13.69,22.5,2.19
LOC011,LOC028,16.98,27.5,2.02
LOC011,LOC029,22.76,36.1,1.45
LOC011,LOC030,19.25,30.9,1.85
LOC011,LOC031,10.62,17.9,2.02
LOC011,LOC032,5.76,10.6,1.22
LOC011,LOC033,18.65,30.0,1.27
LOC011,LOC034,16.87,27.3,1.93
LOC011,LOC035,5.0,9.5,1.55
LOC011,LOC036,8.68,15.0,2.36
LOC011,LOC037,6.28,11.4,1.72
LOC011,LOC038,8.4,14.6,1.08
LOC011,LOC039,8.67,15.0,1.55
LOC011,LOC040,23.41,37.1,1.42
LOC012,DEPOT,5.62,10.4,1.27
LOC012,LOC001,6.25,11.4,1.74
LOC012,LOC002,11.56,19.3,1.68
LOC012,LOC003,8.75,15.1,1.45
LOC012,LOC004,17.35,28.0,1.58
LOC012,LOC005,13.14,21.7,1.3
LOC012,LOC006,17.33,28.0,1.27
LOC012,LOC007,9.9,16.9,2.25
LOC012,LOC008,7.15,12.7,1.83
LOC012,LOC009,16.43,26.6,2.31
LOC012,LOC010,8.35,14.5,1.52
LOC012,LOC011,12.71,21.1,1.74
LOC012,LOC013,6.23,11.3,2.11
LOC012,LOC014,15.13,24.7,1.44
LOC012,LOC015,7.74,13.6,2.21
LOC012,LOC016,7.75,13.6,1.96
LOC012,LOC017,5.23,9.8,1.36
LOC012,LOC018,11.35,19.0,1.12
LOC012,LOC019,0.18,3.0,1.93
LOC012,LOC020,17.01,27.5,1.7
LOC012,LOC021,11.65,19.5,1.37
LOC012,LOC022,14.21,23.3,1.67
LOC012,LOC023,15.6,25.4,2.0
LOC012,LOC024,12.44,20.7,1.11
LOC012,LOC025,10.18,17.3,1.2
LOC012,LOC026,6.26,11.4,1.01
LOC012,LOC027,2.05,5.1,1.51
LOC012,LOC028,18.58,29.9,1.69
LOC012,LOC029,17.79,28.7,1.49
LOC012,LOC030,7.29,12.9,1.07
LOC012,LOC031,8.61,14.9,2.43
LOC012,LOC032,7.64,13.5,1.02
LOC012,LOC033,6.65,12.0,1.37
LOC012,LOC034,7.29,12.9,1.73
LOC012,LOC035,12.56,20.8,1.92
LOC012,LOC036,9.27,15.9,1.57
LOC012,LOC037,9.24,15.9,2.18
LOC012,LOC038,12.48,20.7,2.34
LOC012,LOC039,16.55,26.8,2.39
LOC012,LOC040,17.41,28.1,1.76
LOC013,DEPOT,11.17,18.8,2.09
LOC013,LOC001,5.15,9.7,2.13
LOC013,LOC002,13.85,22.8,2.14
LOC013,LOC003,14.83,24.2,1.89
LOC013,LOC004,23.41,37.1,1.76
LOC013,LOC005,13.63,22.4,1.63
LOC013,LOC006,22.25,35.4,1.7
LOC013,LOC007,14.29,23.4,1.13
LOC013,LOC008,8.72,15.1,2.13
LOC013,LOC009,22.38,35.6,2.25
LOC013,LOC010,10.99,18.5,1.56
LOC013,LOC011,15.53,25.3,1.19
LOC013,LOC012,6.23,11.3,1.45
LOC013,LOC014,15.52,25.3,1.54
LOC013,LOC015,11.13,18.7,1.21
LOC013,LOC016,7.49,13.2,1.07
LOC013,LOC017,10.55,17.8,1.66
LOC013,LOC018,5.41,10.1,2.24
LOC013,LOC019,6.29,11.4,1.27
LOC013,LOC020,21.69,34.5,1.22
LOC013,LOC021,8.15,14.2,1.66
LOC013,LOC022,8.92,15.4,2.03
LOC013,LOC023,15.67,25.5,2.34
LOC013,LOC024,9.51,16.3,1.18
LOC013,LOC025,6.32,11.5,1.83
LOC013,LOC026,11.19,18.8,1.29
LOC013,LOC027,4.22,8.3,1.56
LOC013,LOC028,24.7,39.1,1.41
LOC013,LOC029,23.73,37.6,2.25
LOC013,LOC030,10.92,18.4,1.82
LOC013,LOC031,6.54,11.8,2.45
LOC013,LOC032,12.09,20.1,1.79
LOC013,LOC033,10.4,17.6,1.51
LOC013,LOC034,12.82,21.2,1.57
LOC013,LOC035,13.24,21.9,1.02
LOC013,LOC036,8.39,14.6,2.44
LOC013,LOC037,9.92,16.9,1.6
LOC013,LOC038,17.9,28.8,1.51
LOC013,LOC039,21.48,34.2,1.52
LOC013,LOC040,23.17,36.8,1.56
LOC014,DEPOT,13.17,21.8,1.5
LOC014,LOC001,10.46,17.7,1.78
LOC014,LOC002,26.69,42.0,1.24
LOC014,LOC003,20.37,32.6,1.67
LOC014,LOC004,27.22,42.8,2.49
LOC014,LOC005,2.0,5.0,1.22
LOC014,LOC006,30.69,48.0,1.72
LOC014,LOC007,24.46,38.7,1.54
LOC014,LOC008,7.97,14.0,2.38
LOC014,LOC009,27.13,42.7,1.5
LOC014,LOC010,7.38,13.1,1.32
LOC014,LOC011,6.07,11.1,2.04
LOC014,LOC012,15.13,24.7,1.2
LOC014,LOC013,15.52,25.3,1.92
LOC014,LOC015,22.83,36.2,1.03
LOC014,LOC016,8.13,14.2,1.24
LOC014,LOC017,19.61,31.4,1.68
LOC014,LOC018,19.5,31.2,1.63
LOC014,LOC019,15.3,25.0,1.62
LOC014,LOC020,13.74,22.6,1.39
LOC014,LOC021,9.71,16.6,1.62
LOC014,LOC022,23.48,37.2,2.08
LOC014,LOC023,0.87,3.3,2.12
LOC014,LOC024,8.37,14.6,2.14
LOC014,LOC025,10.84,18.3,1.88
LOC014,LOC026,11.61,19.4,1.24
LOC014,LOC027,15.32,25.0,1.61
LOC014,LOC028,23.05,36.6,1.91
LOC014,LOC029,28.29,44.4,1.41
LOC014,LOC030,22.35,35.5,2.44
LOC014,LOC031,9.15,15.7,2.35
LOC014,LOC032,10.39,17.6,1.16
LOC014,LOC033,21.71,34.6,2.07
LOC014,LOC034,20.95,33.4,1.25
LOC014,LOC035,2.57,5.9,2.44
LOC014,LOC036,7.14,12.7,2.03
LOC014,LOC037,5.96,10.9,2.16
LOC014,LOC038,14.43,23.6,1.87
LOC014,LOC039,14.5,23.8,1.18
LOC014,LOC040,28.76,45.1,2.07
LOC015,DEPOT,11.25,18.9,1.95
LOC015,LOC001,13.63,22.4,1.47
LOC015,LOC002,4.01,8.0,2.34
LOC015,LOC003,8.12,14.2,1.68
LOC015,LOC004,14.96,24.4,1.18
LOC015,LOC005,20.85,33.3,1.02
LOC015,LOC006,11.42,19.1,2.47
LOC015,LOC007,3.49,7.2,1.83
LOC015,LOC008,14.87,24.3,1.17
LOC015,LOC009,13.5,22.2,1.85
LOC015,LOC010,15.8,25.7,2.48
LOC015,LOC011,19.79,31.7,1.85
LOC015,LOC012,7.74,13.6,1.93
LOC015,LOC013,11.13,18.7,1.8
LOC015,LOC014,22.83,36.2,2.0
LOC015,LOC016,15.42,25.1,1.36
LOC015,LOC017,4.03,8.0,1.17
LOC015,LOC018,14.09,23.1,1.64
LOC015,LOC019,7.56,13.3,2.09
LOC015,LOC020,22.19,35.3,2.05
LOC015,LOC021,18.62,29.9,2.26
LOC015,LOC022,15.04,24.6,1.73
LOC015,LOC023,23.33,37.0,1.37
LOC015,LOC024,19.67,31.5,1.46
LOC015,LOC025,16.92,27.4,2.15
LOC015,LOC026,12.59,20.9,1.5
LOC015,LOC027,8.2,14.3,1.86
LOC015,LOC028,19.8,31.7,2.16
LOC015,LOC029,14.74,24.1,2.43
LOC015,LOC030,0.55,3.0,1.45
LOC015,LOC031,15.94,25.9,1.08
LOC015,LOC032,14.15,23.2,1.81
LOC015,LOC033,1.14,3.7,1.99
LOC015,LOC034,4.87,9.3,1.63
LOC015,LOC035,20.26,32.4,2.39
LOC015,LOC036,16.9,27.3,1.74
LOC015,LOC037,16.98,27.5,1.6
LOC015,LOC038,16.87,27.3,1.66
LOC015,LOC039,21.38,34.1,2.21
LOC015,LOC040,13.63,22.4,1.69
LOC016,DEPOT,8.52,14.8,1.89
LOC016,LOC001,2.35,5.5,1.24
LOC016,LOC002,19.07,30.6,1.43
LOC016,LOC003,15.12,24.7,1.09
LOC016,LOC004,23.25,36.9,1.02
LOC016,LOC005,6.19,11.3,2.38
LOC016,LOC006,24.76,39.1,1.58
LOC016,LOC007,17.62,28.4,1.29
LOC016,LOC008,2.33,5.5,1.86
LOC016,LOC009,22.7,36.1,1.5
LOC016,LOC010,4.63,8.9,1.31
LOC016,LOC011,8.58,14.9,1.85
LOC016,LOC012,7.75,13.6,1.75
LOC016,LOC013,7.49,13.2,1.24
LOC016,LOC014,8.13,14.2,1.57
LOC016,LOC015,15.42,25.1,1.36
LOC016,LOC017,12.84,21.3,1.38
LOC016,LOC018,12.04,20.1,2.07
LOC016,LOC019,7.93,13.9,1.4
LOC016,LOC020,15.89,25.8,1.45
LOC016,LOC021,5.29,9.9,2.32
LOC016,LOC022,15.96,25.9,1.2
LOC016,LOC023,8.39,14.6,2.42
LOC016,LOC024,5.38,10.1,2.23
LOC016,LOC025,4.88,9.3,2.28
LOC016,LOC026,7.49,13.2,1.02
LOC016,LOC027,7.43,13.1,1.94
LOC016,LOC028,21.78,34.7,2.42
LOC016,LOC029,24.01,38.0,1.21
LOC016,LOC030,15.0,24.5,1.45
LOC016,LOC031,2.24,5.4,1.89
LOC016,LOC032,7.38,13.1,2.26
LOC016,LOC033,14.36,23.5,2.26
LOC016,LOC034,14.64,24.0,2.07
LOC016,LOC035,5.76,10.6,2.25
LOC016,LOC036,1.54,4.3,1.16
LOC016,LOC037,2.47,5.7,2.17
LOC016,LOC038,13.54,22.3,2.1
LOC016,LOC039,16.02,26.0,2.16
LOC016,LOC040,24.01,38.0,2.36
LOC017,DEPOT,7.34,13.0,2.25
LOC017,LOC001,11.47,19.2,1.46
LOC017,LOC002,7.96,13.9,1.98
LOC017,LOC003,4.96,9.4,2.22
LOC017,LOC004,13.13,21.7,2.17
LOC017,LOC005,17.68,28.5,2.25
LOC017,LOC006,12.11,20.2,1.13
LOC017,LOC007,4.86,9.3,1.17
LOC017,LOC008,11.83,19.7,1.19
LOC017,LOC009,11.95,19.9,1.14
LOC017,LOC010,12.35,20.5,1.43
LOC017,LOC011,16.05,26.1,1.71
LOC017,LOC012,5.23,9.8,1.86
LOC017,LOC013,10.55,17.8,1.42
LOC017,LOC014,19.61,31.4,1.17
LOC017,LOC015,4.03,8.0,1.15
LOC017,LOC016,12.84,21.3,2.49
LOC017,LOC018,14.79,24.2,2.08
LOC017,LOC019,5.06,9.6,2.08
LOC017,LOC020,18.16,29.2,1.25
LOC017,LOC021,16.86,27.3,1.06
LOC017,LOC022,16.68,27.0,1.76
LOC017,LOC023,20.19,32.3,1.64
LOC017,LOC024,17.67,28.5,2.0
LOC017,LOC025,15.35,25.0,1.9
LOC017,LOC026,8.77,15.2,1.85
LOC017,LOC027,6.6,11.9,1.07
LOC017,LOC028,16.48,26.7,1.83
LOC017,LOC029,13.29,21.9,1.85
LOC017,LOC030,3.48,7.2,2.34
LOC017,LOC031,13.83,22.7,1.47
LOC017,LOC032,10.33,17.5,1.99
LOC017,LOC033,3.02,6.5,1.28
LOC017,LOC034,2.28,5.4,1.56
LOC017,LOC035,17.06,27.6,2.29
LOC017,LOC036,14.37,23.6,1.15
LOC017,LOC037,13.99,23.0,2.07
LOC017,LOC038,12.86,21.3,2.36
LOC017,LOC039,17.37,28.1,2.02
LOC017,LOC040,12.63,20.9,1.49
LOC018,DEPOT,16.55,26.8,2.38
LOC018,LOC001,9.92,16.9,1.42
LOC018,LOC002,15.59,25.4,1.29
LOC018,LOC003,19.5,31.2,2.13
LOC018,LOC004,27.91,43.9,1.24
LOC018,LOC005,17.8,28.7,1.47
LOC018,LOC006,25.5,40.2,2.21
LOC018,LOC007,17.55,28.3,2.25
LOC018,LOC008,13.72,22.6,1.81
LOC018,LOC009,26.72,42.1,1.66
LOC018,LOC010,16.1,26.2,1.43
LOC018,LOC011,20.52,32.8,2.3
LOC018,LOC012,11.35,19.0,1.22
LOC018,LOC013,5.41,10.1,2.44
LOC018,LOC014,19.5,31.2,1.87
LOC018,LOC015,14.09,23.1,1.84
LOC018,LOC016,12.04,20.1,1.16
LOC018,LOC017,14.79,24.2,1.57
LOC018,LOC019,11.37,19.1,1.27
LOC018,LOC020,27.03,42.5,1.96
LOC018,LOC021,10.41,17.6,1.82
LOC018,LOC022,3.98,8.0,1.81
LOC018,LOC023,19.46,31.2,1.33
LOC018,LOC024,11.96,19.9,2.04
LOC018,LOC025,8.83,15.2,2.49
LOC018,LOC026,16.6,26.9,1.12
LOC018,LOC027,9.29,15.9,1.85
LOC018,LOC028,29.92,46.9,2.35
LOC018,LOC029,28.05,44.1,1.26
LOC018,LOC030,14.07,23.1,2.14
LOC018,LOC031,10.41,17.6,1.21
LOC018,LOC032,17.46,28.2,1.97
LOC018,LOC033,13.71,22.6,2.23
LOC018,LOC034,17.03,27.5,1.6
LOC018,LOC035,17.52,28.3,1.54
LOC018,LOC036,12.5,20.8,1.25
LOC018,LOC037,14.5,23.8,1.07
LOC018,LOC038,23.3,37.0,2.29
LOC018,LOC039,26.86,42.3,1.83
LOC018,LOC040,27.27,42.9,2.13
LOC019,DEPOT,5.68,10.5,2.11
LOC019,LOC001,6.41,11.6,1.64
LOC019,LOC002,11.39,19.1,1.74
LOC019,LOC003,8.65,15.0,1.98
LOC019,LOC004,17.25,27.9,1.3
LOC019,LOC005,13.31,22.0,2.4
LOC019,LOC006,17.17,27.8,1.48
LOC019,LOC007,9.72,16.6,1.17
LOC019,LOC008,7.33,13.0,2.39
LOC019,LOC009,16.32,26.5,1.77
LOC019,LOC010,8.51,14.8,2.48
LOC019,LOC011,12.86,21.3,1.42
LOC019,LOC012,0.18,3.0,2.02
LOC019,LOC013,6.29,11.4,1.74
LOC019,LOC014,15.3,25.0,2.28
LOC019,LOC015,7.56,13.3,1.83
LOC019,LOC016,7.93,13.9,2.4
LOC019,LOC017,5.06,9.6,1.95
LOC019,LOC018,11.37,19.1,2.37
LOC019,LOC020,17.1,27.7,2.29
LOC019,LOC021,11.8,19.7,1.99
LOC019,LOC022,14.19,23.3,2.09
LOC019,LOC023,15.78,25.7,2.33
LOC019,LOC024,12.61,20.9,1.9
LOC019,LOC025,10.33,17.5,1.38
LOC019,LOC026,6.36,11.5,2.22
LOC019,LOC027,2.09,5.1,1.44
LOC019,LOC028,18.56,29.8,1.43
LOC019,LOC029,17.67,28.5,1.61
LOC019,LOC030,7.11,12.7,1.87
LOC019,LOC031,8.78,15.2,1.45
LOC019,LOC032,7.75,13.6,2.37
LOC019,LOC033,6.47,11.7,2.19
LOC019,LOC034,7.14,12.7,1.64
LOC019,LOC035,12.73,21.1,1.25
LOC019,LOC036,9.45,16.2,1.56
LOC019,LOC037,9.42,16.1,2.04
LOC019,LOC038,12.53,20.8,1.64
LOC019,LOC039,16.62,26.9,1.0
LOC019,LOC040,17.28,27.9,1.02
LOC020,DEPOT,11.5,19.2,2.26
LOC020,LOC001,17.43,28.1,1.92
LOC020,LOC002,26.03,41.0,1.13
LOC020,LOC003,15.38,25.1,1.91
LOC020,LOC004,18.09,29.1,1.97
LOC020,LOC005,13.45,22.2,1.77
LOC020,LOC006,24.65,39.0,1.88
LOC020,LOC007,21.76,34.6,1.01
LOC020,LOC008,13.69,22.5,2.13
LOC020,LOC009,18.77,30.2,1.96
LOC020,LOC010,11.28,18.9,2.03
LOC020,LOC011,8.11,14.2,2.08
LOC020,LOC012,17.01,27.5,1.45
LOC020,LOC013,21.69,34.5,1.14
LOC020,LOC014,13.74,22.6,1.62
LOC020,LOC015,22.19,35.3,1.46
LOC020,LOC016,15.89,25.8,2.18
LOC020,LOC017,18.16,29.2,1.3
LOC020,LOC018,27.03,42.5,1.75
LOC020,LOC019,17.1,27.7,1.59
LOC020,LOC021,20.64,33.0,2.23
LOC020,LOC022,30.57,47.9,1.91
LOC020,LOC023,14.59,23.9,1.8
LOC020,LOC024,19.97,32.0,1.23
LOC020,LOC025,20.71,33.1,1.43
LOC020,LOC026,10.79,18.2,1.78
LOC020,LOC027,18.67,30.0,2.4
LOC020,LOC028,10.94,18.4,1.8
LOC020,LOC029,19.49,31.2,1.0
LOC020,LOC030,21.64,34.5,1.25
LOC020,LOC031,18.1,29.2,1.43
LOC020,LOC032,9.63,16.4,1.9
LOC020,LOC033,21.16,33.7,1.54
LOC020,LOC034,17.93,28.9,1.37
LOC020,LOC035,13.1,21.7,2.18
LOC020,LOC036,16.37,26.6,2.28
LOC020,LOC037,13.95,22.9,1.85
LOC020,LOC038,5.45,10.2,1.5
LOC020,LOC039,1.28,3.9,1.63
LOC020,LOC040,20.69,33.0,2.21
LOC021,DEPOT,13.71,22.6,1.58
LOC021,LOC001,5.5,10.2,2.14
LOC021,LOC002,21.78,34.7,1.62
LOC021,LOC003,19.9,31.8,1.01
LOC021,LOC004,28.26,44.4,2.13
LOC021,LOC005,8.42,14.6,1.22
LOC021,LOC006,28.97,45.5,1.44
LOC021,LOC007,21.36,34.0,1.01
LOC021,LOC008,7.59,13.4,1.26
LOC021,LOC009,27.6,43.4,1.57
LOC021,LOC010,9.67,16.5,1.16
LOC021,LOC011,12.78,21.2,1.57
LOC021,LOC012,11.65,19.5,2.46
LOC021,LOC013,8.15,14.2,1.26
LOC021,LOC014,9.71,16.6,1.28
LOC021,LOC015,18.62,29.9,1.28
LOC021,LOC016,5.29,9.9,1.37
LOC021,LOC017,16.86,27.3,1.56
LOC021,LOC018,10.41,17.6,1.33
LOC021,LOC019,11.8,19.7,2.42
LOC021,LOC020,20.64,33.0,1.35
LOC021,LOC022,14.31,23.5,2.34
LOC021,LOC023,9.47,16.2,1.53
LOC021,LOC024,1.55,4.3,1.94
LOC021,LOC025,1.83,4.7,2.3
LOC021,LOC026,12.76,21.1,1.86
LOC021,LOC027,10.49,17.7,1.39
LOC021,LOC028,27.07,42.6,2.38
LOC021,LOC029,28.92,45.4,1.4
LOC021,LOC030,18.3,29.5,1.63
LOC021,LOC031,3.29,6.9,1.66
LOC021,LOC032,12.66,21.0,1.42
LOC021,LOC033,17.7,28.6,1.7
LOC021,LOC034,18.92,30.4,1.69
LOC021,LOC035,8.38,14.6,1.34
LOC021,LOC036,4.33,8.5,1.07
LOC021,LOC037,6.71,12.1,2.22
LOC021,LOC038,18.77,30.2,1.19
LOC021,LOC039,20.92,33.4,1.99
LOC021,LOC040,28.78,45.2,1.53
LOC022,DEPOT,19.69,31.5,2.46
LOC022,LOC001,13.77,22.7,2.07
LOC022,LOC002,15.52,25.3,2.39
LOC022,LOC003,21.61,34.4,1.69
LOC022,LOC004,29.67,46.5,1.14
LOC022,LOC005,21.77,34.7,1.34
LOC022,LOC006,26.16,41.2,2.41
LOC022,LOC007,18.5,29.8,1.45
LOC022,LOC008,17.53,28.3,1.16
LOC022,LOC009,28.34,44.5,1.59
LOC022,LOC010,19.86,31.8,2.31
LOC022,LOC011,24.35,38.5,1.49
LOC022,LOC012,14.21,23.3,1.52
LOC022,LOC013,8.92,15.4,1.4
LOC022,LOC014,23.48,37.2,2.03
LOC022,LOC015,15.04,24.6,1.31
LOC022,LOC016,15.96,25.9,2.28
LOC022,LOC017,16.68,27.0,2.01
LOC022,LOC018,3.98,8.0,1.39
LOC022,LOC019,14.19,23.3,1.62
LOC022,LOC020,30.57,47.9,1.65
LOC022,LOC021,14.31,23.5,1.62
LOC022,LOC023,23.44,37.2,1.16
LOC022,LOC024,15.86,25.8,2.08
LOC022,LOC025,12.78,21.2,1.25
LOC022,LOC026,19.94,31.9,2.23
LOC022,LOC027,12.23,20.3,1.41
LOC022,LOC028,32.61,50.9,2.11
LOC022,LOC029,29.63,46.4,1.31
LOC022,LOC030,15.17,24.8,1.2
LOC022,LOC031,14.38,23.6,1.19
LOC022,LOC032,20.95,33.4,1.7
LOC022,LOC033,14.95,24.4,1.33
LOC022,LOC034,18.8,30.2,2.2
LOC022,LOC035,21.49,34.2,2.42
LOC022,LOC036,16.47,26.7,1.96
LOC022,LOC037,18.43,29.6,1.01
LOC022,LOC038,26.55,41.8,1.22
LOC022,LOC039,30.32,47.5,2.13
LOC022,LOC040,28.64,45.0,1.9
LOC023,DEPOT,13.87,22.8,1.8
LOC023,LOC001,10.69,18.0,2.26
LOC023,LOC002,27.15,42.7,2.41
LOC023,LOC003,21.08,33.6,2.09
LOC023,LOC004,28.02,44.0,1.19
LOC023,LOC005,2.51,5.8,1.37
LOC023,LOC006,31.38,49.1,1.56
LOC023,LOC007,25.04,39.6,1.23
LOC023,LOC008,8.45,14.7,2.11
LOC023,LOC009,27.91,43.9,1.03
LOC023,LOC010,8.05,14.1,1.26
LOC023,LOC011,6.94,12.4,1.97
LOC023,LOC012,15.6,25.4,1.62
LOC023,LOC013,15.67,25.5,1.48
LOC023,LOC014,0.87,3.3,2.4
LOC023,LOC015,23.33,37.0,2.28
LOC023,LOC016,8.39,14.6,1.14
LOC023,LOC017,20.19,32.3,1.78
LOC023,LOC018,19.46,31.2,2.12
LOC023,LOC019,15.78,25.7,2.41
LOC023,LOC020,14.59,23.9,1.43
LOC023,LOC021,9.47,16.2,1.51
LOC023,LOC022,23.44,37.2,2.05
LOC023,LOC024,8.07,14.1,2.07
LOC023,LOC025,10.71,18.1,1.43
LOC023,LOC026,12.33,20.5,1.77
LOC023,LOC027,15.69,25.5,2.07
LOC023,LOC028,23.92,37.9,1.68
LOC023,LOC029,29.08,45.6,1.45
LOC023,LOC030,22.86,36.3,1.95
LOC023,LOC031,9.21,15.8,1.19
LOC023,LOC032,11.14,18.7,2.29
LOC023,LOC033,22.21,35.3,2.42
LOC023,LOC034,21.58,34.4,2.2
LOC023,LOC035,3.14,6.7,1.55
LOC023,LOC036,7.28,12.9,2.3
LOC023,LOC037,6.37,11.6,1.35
LOC023,LOC038,15.28,24.9,1.09
LOC023,LOC039,15.36,25.0,1.05
LOC023,LOC040,29.52,46.3,2.45
LOC024,DEPOT,13.9,22.9,1.01
LOC024,LOC001,6.2,11.3,1.04
LOC024,LOC002,22.96,36.4,2.35
LOC024,LOC003,20.4,32.6,1.39
LOC024,LOC004,28.62,44.9,1.56
LOC024,LOC005,7.25,12.9,2.06
LOC024,LOC006,29.75,46.6,1.03
LOC024,LOC007,22.28,35.4,1.51
LOC024,LOC008,7.51,13.3,1.17
LOC024,LOC009,28.04,44.1,1.83
LOC024,LOC010,9.33,16.0,1.94
LOC024,LOC011,11.96,19.9,2.23
LOC024,LOC012,12.44,20.7,1.2
LOC024,LOC013,9.51,16.3,1.16
LOC024,LOC014,8.37,14.6,2.05
LOC024,LOC015,19.67,31.5,2.25
LOC024,LOC016,5.38,10.1,1.9
LOC024,LOC017,17.67,28.5,2.35
LOC024,LOC018,11.96,19.9,2.38
LOC024,LOC019,12.61,20.9,2.24
LOC024,LOC020,19.97,32.0,1.31
LOC024,LOC021,1.55,4.3,1.99
LOC024,LOC022,15.86,25.8,2.2
LOC024,LOC023,8.07,14.1,1.67
LOC024,LOC025,3.28,6.9,2.06
LOC024,LOC026,12.81,21.2,2.33
LOC024,LOC027,11.48,19.2,1.94
LOC024,LOC028,26.95,42.4,1.94
LOC024,LOC029,29.35,46.0,1.96
LOC024,LOC030,19.32,31.0,2.16
LOC024,LOC031,3.84,7.8,2.02
LOC024,LOC032,12.52,20.8,1.01
LOC024,LOC033,18.71,30.1,2.02
LOC024,LOC034,19.65,31.5,2.39
LOC024,LOC035,7.31,13.0,1.85
LOC024,LOC036,4.08,8.1,2.08
LOC024,LOC037,6.22,11.3,2.13
LOC024,LOC038,18.48,29.7,1.54
LOC024,LOC039,20.33,32.5,1.59
LOC024,LOC040,29.3,46.0,2.24
LOC025,DEPOT,12.83,21.2,1.15
LOC025,LOC001,4.31,8.5,1.0
LOC025,LOC002,20.01,32.0,1.85
LOC025,LOC003,18.65,30.0,1.47
LOC025,LOC004,27.12,42.7,1.76
LOC025,LOC005,9.32,16.0,1.61
LOC025,LOC006,27.45,43.2,1.36
LOC025,LOC007,19.75,31.6,2.43
LOC025,LOC008,7.19,12.8,1.47
LOC025,LOC009,26.37,41.6,1.02
LOC025,LOC010,9.49,16.2,1.91
LOC025,LOC011,13.11,21.7,1.86
LOC025,LOC012,10.18,17.3,2.03
LOC025,LOC013,6.32,11.5,2.33
LOC025,LOC014,10.84,18.3,1.13
LOC025,LOC015,16.92,27.4,1.72
LOC025,LOC016,4.88,9.3,2.26
LOC025,LOC017,15.35,25.0,1.85
LOC025,LOC018,8.83,15.2,1.51
LOC025,LOC019,10.33,17.5,2.42
LOC025,LOC020,20.71,33.1,2.06
LOC025,LOC021,1.83,4.7,1.72
LOC025,LOC022,12.78,21.2,2.38
LOC025,LOC023,10.71,18.1,1.79
LOC025,LOC024,3.28,6.9,1.58
LOC025,LOC026,12.05,20.1,2.33
LOC025,LOC027,8.87,15.3,2.47
LOC025,LOC028,26.43,41.6,1.73
LOC025,LOC029,27.71,43.6,2.04
LOC025,LOC030,16.62,26.9,1.42
LOC025,LOC031,2.64,6.0,2.17
LOC025,LOC032,12.16,20.2,1.74
LOC025,LOC033,16.03,26.0,1.67
LOC025,LOC034,17.47,28.2,2.19
LOC025,LOC035,9.17,15.8,1.34
LOC025,LOC036,4.44,8.7,1.09
LOC025,LOC037,6.84,12.3,1.98
LOC025,LOC038,18.36,29.5,1.17
LOC025,LOC039,20.88,33.3,2.26
LOC025,LOC040,27.48,43.2,1.67
LOC026,DEPOT,1.57,4.4,1.49
LOC026,LOC001,7.91,13.9,1.7
LOC026,LOC002,16.6,26.9,1.81
LOC026,LOC003,8.75,15.1,1.77
LOC026,LOC004,16.13,26.2,2.06
LOC026,LOC005,9.89,16.8,1.41
LOC026,LOC006,19.09,30.6,2.4
LOC026,LOC007,13.38,22.1,1.08
LOC026,LOC008,5.32,10.0,1.26
LOC026,LOC009,15.79,25.7,1.01
LOC026,LOC010,4.33,8.5,1.34
LOC026,LOC011,7.3,13.0,1.75
LOC026,LOC012,6.26,11.4,1.63
LOC026,LOC013,11.19,18.8,2.49
LOC026,LOC014,11.61,19.4,1.93
LOC026,LOC015,12.59,20.9,2.16
LOC026,LOC016,7.49,13.2,1.13
LOC026,LOC017,8.77,15.2,2.04
LOC026,LOC018,16.6,26.9,2.36
LOC026,LOC019,6.36,11.5,1.66
LOC026,LOC020,10.79,18.2,2.43
LOC026,LOC021,12.76,21.1,1.9
LOC026,LOC022,19.94,31.9,2.18
LOC026,LOC023,12.33,20.5,1.71
LOC026,LOC024,12.81,21.2,1.48
LOC026,LOC025,12.05,20.1,2.29
LOC026,LOC027,7.89,13.8,1.74
LOC026,LOC028,14.38,23.6,1.91
LOC026,LOC029,17.04,27.6,2.16
LOC026,LOC030,12.04,20.1,1.45
LOC026,LOC031,9.54,16.3,1.05
LOC026,LOC032,1.56,4.3,2.11
LOC026,LOC033,11.46,19.2,1.37
LOC026,LOC034,9.61,16.4,2.25
LOC026,LOC035,9.25,15.9,1.0
LOC026,LOC036,8.75,15.1,2.38
LOC026,LOC037,7.11,12.7,2.04
LOC026,LOC038,6.73,12.1,2.12
LOC026,LOC039,10.41,17.6,2.09
LOC026,LOC040,17.31,28.0,1.34
LOC027,DEPOT,7.47,13.2,1.06
LOC027,LOC001,5.46,10.2,2.42
LOC027,LOC002,11.68,19.5,2.47
LOC027,LOC003,10.63,17.9,2.46
LOC027,LOC004,19.23,30.8,1.9
LOC027,LOC005,13.32,22.0,1.4
LOC027,LOC006,18.62,29.9,1.92
LOC027,LOC007,10.88,18.3,2.08
LOC027,LOC008,7.47,13.2,1.05
LOC027,LOC009,18.24,29.4,1.08
LOC027,LOC010,9.15,15.7,2.31
LOC027,LOC011,13.69,22.5,1.76
LOC027,LOC012,2.05,5.1,1.78
LOC027,LOC013,4.22,8.3,1.44
LOC027,LOC014,15.32,25.0,1.82
LOC027,LOC015,8.2,14.3,1.88
LOC027,LOC016,7.43,13.1,1.05
LOC027,LOC017,6.6,11.9,2.12
LOC027,LOC018,9.29,15.9,1.1
LOC027,LOC019,2.09,5.1,1.67
LOC027,LOC020,18.67,30.0,1.08
LOC027,LOC021,10.49,17.7,1.47
LOC027,LOC022,12.23,20.3,2.09
LOC027,LOC023,15.69,25.5,1.28
LOC027,LOC024,11.48,19.2,2.07
LOC027,LOC025,8.87,15.3,2.16
LOC027,LOC026,7.89,13.8,2.2
LOC027,LOC028,20.63,32.9,1.73
LOC027,LOC029,19.59,31.4,1.56
LOC027,LOC030,7.84,13.8,1.47
LOC027,LOC031,7.75,13.6,2.28
LOC027,LOC032,9.11,15.7,1.53
LOC027,LOC033,7.22,12.8,2.16
LOC027,LOC034,8.82,15.2,1.17
LOC027,LOC035,12.79,21.2,1.25
LOC027,LOC036,8.84,15.3,2.25
LOC027,LOC037,9.35,16.0,1.37
LOC027,LOC038,14.35,23.5,1.42
LOC027,LOC039,18.28,29.4,1.52
LOC027,LOC040,19.11,30.7,1.99
LOC028,DEPOT,13.78,22.7,1.61
LOC028,LOC001,22.27,35.4,2.32
LOC028,LOC002,22.69,36.0,2.17
LOC028,LOC003,11.69,19.5,2.42
LOC028,LOC004,8.79,15.2,1.83
LOC028,LOC005,22.08,35.1,1.87
LOC028,LOC006,16.98,27.5,2.37
LOC028,LOC007,17.71,28.6,1.67
LOC028,LOC008,19.49,31.2,1.87
LOC028,LOC009,10.1,17.1,1.61
LOC028,LOC010,17.68,28.5,1.49
LOC028,LOC011,16.98,27.5,1.51
LOC028,LOC012,18.58,29.9,1.48
LOC028,LOC013,24.7,39.1,2.28
LOC028,LOC014,23.05,36.6,1.08
LOC028,LOC015,19.8,31.7,1.93
LOC028,LOC016,21.78,34.7,1.34
LOC028,LOC017,16.48,26.7,1.09
LOC028,LOC018,29.92,46.9,1.74
LOC028,LOC019,18.56,29.8,1.26
LOC028,LOC020,10.94,18.4,1.43
LOC028,LOC021,27.07,42.6,2.29
LOC028,LOC022,32.61,50.9,1.07
LOC028,LOC023,23.92,37.9,2.19
LOC028,LOC024,26.95,42.4,2.34
LOC028,LOC025,26.43,41.6,1.4
LOC028,LOC026,14.38,23.6,1.92
LOC028,LOC027,20.63,32.9,1.29
LOC028,LOC029,10.25,17.4,1.19
LOC028,LOC030,19.35,31.0,2.32
LOC028,LOC031,23.9,37.9,2.05
LOC028,LOC032,14.43,23.6,1.83
LOC028,LOC033,19.16,30.7,1.8
LOC028,LOC034,14.94,24.4,2.2
LOC028,LOC035,21.55,34.3,2.21
LOC028,LOC036,22.88,36.3,1.54
LOC028,LOC037,20.82,33.2,1.58
LOC028,LOC038,8.7,15.0,1.82
LOC028,LOC039,9.7,16.5,2.36
LOC028,LOC040,11.9,19.9,1.7
LOC029,DEPOT,15.66,25.5,1.87
LOC029,LOC001,23.46,37.2,1.97
LOC029,LOC002,16.05,26.1,2.44
LOC029,LOC003,9.07,15.6,2.33
LOC029,LOC004,1.47,4.2,1.56
LOC029,LOC005,26.76,42.1,1.75
LOC029,LOC006,7.21,12.8,2.28
LOC029,LOC007,11.49,19.2,1.26
LOC029,LOC008,22.16,35.2,1.65
LOC029,LOC009,1.35,4.0,1.22
LOC029,LOC010,21.32,34.0,1.79
LOC029,LOC011,22.76,36.1,1.09
LOC029,LOC012,17.79,28.7,2.42
LOC029,LOC013,23.73,37.6,1.35
LOC029,LOC014,28.29,44.4,1.79
LOC029,LOC015,14.74,24.1,1.43
LOC029,LOC016,24.01,38.0,1.41
LOC029,LOC017,13.29,21.9,2.13
LOC029,LOC018,28.05,44.1,1.76
LOC029,LOC019,17.67,28.5,1.4
LOC029,LOC020,19.49,31.2,1.53
LOC029,LOC021,28.92,45.4,2.46
LOC029,LOC022,29.63,46.4,2.19
LOC029,LOC023,29.08,45.6,1.08
LOC029,LOC024,29.35,46.0,1.77
LOC029,LOC025,27.71,43.6,1.78
LOC029,LOC026,17.04,27.6,1.58
LOC029,LOC027,19.59,31.4,1.61
LOC029,LOC028,10.25,17.4,1.31
LOC029,LOC030,14.52,23.8,2.14
LOC029,LOC031,25.66,40.5,1.74
LOC029,LOC032,17.99,29.0,1.64
LOC029,LOC033,14.68,24.0,1.95
LOC029,LOC034,11.02,18.5,2.47
LOC029,LOC035,26.14,41.2,1.67
LOC029,LOC036,25.46,40.2,1.87
LOC029,LOC037,24.11,38.2,1.25
LOC029,LOC038,15.0,24.5,1.18
LOC029,LOC039,18.23,29.3,1.92
LOC029,LOC040,1.82,4.7,1.83
LOC030,DEPOT,10.7,18.1,2.19
LOC030,LOC001,13.25,21.9,1.65
LOC030,LOC002,4.56,8.8,1.08
LOC030,LOC003,7.66,13.5,1.23
LOC030,LOC004,14.7,24.1,1.05
LOC030,LOC005,20.37,32.6,1.6
LOC030,LOC006,11.48,19.2,1.07
LOC030,LOC007,3.48,7.2,1.92
LOC030,LOC008,14.4,23.6,2.41
LOC030,LOC009,13.27,21.9,1.77
LOC030,LOC010,15.29,24.9,2.1
LOC030,LOC011,19.25,30.9,1.23
LOC030,LOC012,7.29,12.9,1.14
LOC030,LOC013,10.92,18.4,1.75
LOC030,LOC014,22.35,35.5,1.4
LOC030,LOC015,0.55,3.0,1.7
LOC030,LOC016,15.0,24.5,2.43
LOC030,LOC017,3.48,7.2,1.46
LOC030,LOC018,14.07,23.1,2.04
LOC030,LOC019,7.11,12.7,1.26
LOC030,LOC020,21.64,34.5,1.87
LOC030,LOC021,18.3,29.5,1.0
LOC030,LOC022,15.17,24.8,1.71
LOC030,LOC023,22.86,36.3,1.31
LOC030,LOC024,19.32,31.0,2.11
LOC030,LOC025,16.62,26.9,1.69
LOC030,LOC026,12.04,20.1,1.03
LOC030,LOC027,7.84,13.8,1.35
LOC030,LOC028,19.35,31.0,1.78
LOC030,LOC029,14.52,23.8,1.07
LOC030,LOC031,15.57,25.4,1.09
LOC030,LOC032,13.61,22.4,1.71
LOC030,LOC033,0.64,3.0,1.08
LOC030,LOC034,4.41,8.6,1.96
LOC030,LOC035,19.78,31.7,1.95
LOC030,LOC036,16.49,26.7,1.53
LOC030,LOC037,16.52,26.8,2.17
LOC030,LOC038,16.33,26.5,2.12
LOC030,LOC039,20.83,33.2,1.63
LOC030,LOC040,13.47,22.2,1.87
LOC031,DEPOT,10.43,17.6,1.78
LOC031,LOC001,2.36,5.5,1.83
LOC031,LOC002,19.35,31.0,2.4
LOC031,LOC003,16.65,27.0,1.42
LOC031,LOC004,24.98,39.5,2.12
LOC031,LOC005,7.39,13.1,1.61
LOC031,LOC006,25.91,40.9,1.76
LOC031,LOC007,18.47,29.7,1.14
LOC031,LOC008,4.55,8.8,1.42
LOC031,LOC009,24.33,38.5,1.3
LOC031,LOC010,6.85,12.3,1.66
LOC031,LOC011,10.62,17.9,1.69
LOC031,LOC012,8.61,14.9,1.71
LOC031,LOC013,6.54,11.8,2.36
LOC031,LOC014,9.15,15.7,1.45
LOC031,LOC015,15.94,25.9,1.19
LOC031,LOC016,2.24,5.4,2.38
LOC031,LOC017,13.83,22.7,2.4
LOC031,LOC018,10.41,17.6,2.41
LOC031,LOC019,8.78,15.2,2.21
LOC031,LOC020,18.1,29.2,2.29
LOC031,LOC021,3.29,6.9,2.02
LOC031,LOC022,14.38,23.6,1.14
LOC031,LOC023,9.21,15.8,2.05
LOC031,LOC024,3.84,7.8,1.37
LOC031,LOC025,2.64,6.0,2.35
LOC031,LOC026,9.54,16.3,1.62
LOC031,LOC027,7.75,13.6,1.58
LOC031,LOC028,23.9,37.9,1.1
LOC031,LOC029,25.66,40.5,1.44
LOC031,LOC030,15.57,25.4,1.8
LOC031,LOC032,9.56,16.3,1.19
LOC031,LOC033,14.95,24.4,1.88
LOC031,LOC034,15.81,25.7,2.38
LOC031,LOC035,7.11,12.7,1.8
LOC031,LOC036,2.1,5.2,2.03
LOC031,LOC037,4.34,8.5,1.44
LOC031,LOC038,15.75,25.6,1.91
LOC031,LOC039,18.25,29.4,2.32
LOC031,LOC040,25.54,40.3,2.39
LOC032,DEPOT,3.05,6.6,1.45
LOC032,LOC001,8.26,14.4,1.36
LOC032,LOC002,18.16,29.2,1.82
LOC032,LOC003,10.05,17.1,1.8
LOC032,LOC004,17.0,27.5,1.34
LOC032,LOC005,8.78,15.2,2.0
LOC032,LOC006,20.43,32.6,1.34
LOC032,LOC007,14.91,24.4,2.13
LOC032,LOC008,5.07,9.6,1.77
LOC032,LOC009,16.79,27.2,1.46
LOC032,LOC010,3.42,7.1,1.65
LOC032,LOC011,5.76,10.6,1.84
LOC032,LOC012,7.64,13.5,2.45
LOC032,LOC013,12.09,20.1,2.04
LOC032,LOC014,10.39,17.6,2.42
LOC032,LOC015,14.15,23.2,2.2
LOC032,LOC016,7.38,13.1,2.17
LOC032,LOC017,10.33,17.5,1.16
LOC032,LOC018,17.46,28.2,2.32
LOC032,LOC019,7.75,13.6,1.82
LOC032,LOC020,9.63,16.4,1.69
LOC032,LOC021,12.66,21.0,2.16
LOC032,LOC022,20.95,33.4,1.67
LOC032,LOC023,11.14,18.7,1.69
LOC032,LOC024,12.52,20.8,1.5
LOC032,LOC025,12.16,20.2,1.54
LOC032,LOC026,1.56,4.3,1.55
LOC032,LOC027,9.11,15.7,2.2
LOC032,LOC028,14.43,23.6,2.17
LOC032,LOC029,17.99,29.0,2.17
LOC032,LOC030,13.61,22.4,2.32
LOC032,LOC031,9.56,16.3,2.24
LOC032,LOC033,13.02,21.5,1.55
LOC032,LOC034,11.12,18.7,1.32
LOC032,LOC035,8.15,14.2,2.4
LOC032,LOC036,8.45,14.7,1.2
LOC032,LOC037,6.49,11.7,1.29
LOC032,LOC038,6.22,11.3,1.57
LOC032,LOC039,9.39,16.1,2.36
LOC032,LOC040,18.38,29.6,1.26
LOC033,DEPOT,10.14,17.2,2.21
LOC033,LOC001,12.62,20.9,1.83
LOC033,LOC002,5.15,9.7,2.2
LOC033,LOC003,7.48,13.2,2.0
LOC033,LOC004,14.79,24.2,1.83
LOC033,LOC005,19.73,31.6,1.48
LOC033,LOC006,11.92,19.9,1.66
LOC033,LOC007,3.92,7.9,1.16
LOC033,LOC008,13.76,22.6,1.42
LOC033,LOC009,13.41,22.1,1.79
LOC033,LOC010,14.66,24.0,1.71
LOC033,LOC011,18.65,30.0,1.64
LOC033,LOC012,6.65,12.0,2.34
LOC033,LOC013,10.4,17.6,2.01
LOC033,LOC014,21.71,34.6,1.36
LOC033,LOC015,1.14,3.7,2.49
LOC033,LOC016,14.36,23.5,2.23
LOC033,LOC017,3.02,6.5,1.05
LOC033,LOC018,13.71,22.6,1.25
LOC033,LOC019,6.47,11.7,2.36
LOC033,LOC020,21.16,33.7,2.49
LOC033,LOC021,17.7,28.6,2.18
LOC033,LOC022,14.95,24.4,1.52
LOC033,LOC023,22.21,35.3,1.4
LOC033,LOC024,18.71,30.1,1.86
LOC033,LOC025,16.03,26.0,2.09
LOC033,LOC026,11.46,19.2,1.16
LOC033,LOC027,7.22,12.8,1.7
LOC033,LOC028,19.16,30.7,1.44
LOC033,LOC029,14.68,24.0,2.1
LOC033,LOC030,0.64,3.0,2.05
LOC033,LOC031,14.95,24.4,1.3
LOC033,LOC032,13.02,21.5,2.23
LOC033,LOC034,4.25,8.4,1.59
LOC033,LOC035,19.14,30.7,1.95
LOC033,LOC036,15.85,25.8,1.16
LOC033,LOC037,15.88,25.8,1.73
LOC033,LOC038,15.88,25.8,1.61
LOC033,LOC039,20.38,32.6,1.73
LOC033,LOC040,13.7,22.6,1.43
LOC034,DEPOT,8.07,14.1,1.97
LOC034,LOC001,13.47,22.2,1.43
LOC034,LOC002,8.23,14.3,2.48
LOC034,LOC003,3.25,6.9,1.56
LOC034,LOC004,10.91,18.4,1.62
LOC034,LOC005,19.08,30.6,1.11
LOC034,LOC006,10.12,17.2,1.7
LOC034,LOC007,3.9,7.9,1.63
LOC034,LOC008,13.4,22.1,2.19
LOC034,LOC009,9.69,16.5,1.91
LOC034,LOC010,13.58,22.4,2.36
LOC034,LOC011,16.87,27.3,2.28
LOC034,LOC012,7.29,12.9,1.84
LOC034,LOC013,12.82,21.2,2.05
LOC034,LOC014,20.95,33.4,2.22
LOC034,LOC015,4.87,9.3,2.38
LOC034,LOC016,14.64,24.0,2.14
LOC034,LOC017,2.28,5.4,2.2
LOC034,LOC018,17.03,27.5,1.38
LOC034,LOC019,7.14,12.7,1.1
LOC034,LOC020,17.93,28.9,1.85
LOC034,LOC021,18.92,30.4,2.16
LOC034,LOC022,18.8,30.2,1.35
LOC034,LOC023,21.58,34.4,2.36
LOC034,LOC024,19.65,31.5,2.22
LOC034,LOC025,17.47,28.2,1.78
LOC034,LOC026,9.61,16.4,1.09
LOC034,LOC027,8.82,15.2,2.05
LOC034,LOC028,14.94,24.4,1.27
LOC034,LOC029,11.02,18.5,1.34
LOC034,LOC030,4.41,8.6,1.68
LOC034,LOC031,15.81,25.7,2.22
LOC034,LOC032,11.12,18.7,2.09
LOC034,LOC033,4.25,8.4,1.5
LOC034,LOC035,18.45,29.7,2.28
LOC034,LOC036,16.18,26.3,1.25
LOC034,LOC037,15.56,25.3,1.86
LOC034,LOC038,12.51,20.8,1.46
LOC034,LOC039,17.02,27.5,1.04
LOC034,LOC040,10.35,17.5,2.46
LOC035,DEPOT,10.78,18.2,1.31
LOC035,LOC001,8.11,14.2,2.12
LOC035,LOC002,24.12,38.2,1.38
LOC035,LOC003,17.99,29.0,1.26
LOC035,LOC004,25.13,39.7,2.33
LOC035,LOC005,0.64,3.0,1.68
LOC035,LOC006,28.26,44.4,1.69
LOC035,LOC007,21.91,34.9,1.9
LOC035,LOC008,5.41,10.1,1.57
LOC035,LOC009,24.94,39.4,1.31
LOC035,LOC010,4.94,9.4,1.9
LOC035,LOC011,5.0,9.5,2.06
LOC035,LOC012,12.56,20.8,1.89
LOC035,LOC013,13.24,21.9,2.17
LOC035,LOC014,2.57,5.9,1.09
LOC035,LOC015,20.26,32.4,1.04
LOC035,LOC016,5.76,10.6,2.35
LOC035,LOC017,17.06,27.6,1.3
LOC035,LOC018,17.52,28.3,1.05
LOC035,LOC019,12.73,21.1,2.05
LOC035,LOC020,13.1,21.7,1.83
LOC035,LOC021,8.38,14.6,2.03
LOC035,LOC022,21.49,34.2,2.49
LOC035,LOC023,3.14,6.7,1.96
LOC035,LOC024,7.31,13.0,1.88
LOC035,LOC025,9.17,15.8,1.73
LOC035,LOC026,9.25,15.9,1.75
LOC035,LOC027,12.79,21.2,1.89
LOC035,LOC028,21.55,34.3,1.19
LOC035,LOC029,26.14,41.2,2.1
LOC035,LOC030,19.78,31.7,2.26
LOC035,LOC031,7.11,12.7,2.23
LOC035,LOC032,8.15,14.2,1.4
LOC035,LOC033,19.14,30.7,1.24
LOC035,LOC034,18.45,29.7,2.49
LOC035,LOC036,5.02,9.5,1.83
LOC035,LOC037,3.45,7.2,2.01
LOC035,LOC038,12.85,21.3,2.23
LOC035,LOC039,13.66,22.5,1.22
LOC035,LOC040,26.52,41.8,1.34
LOC036,DEPOT,9.89,16.8,1.27
LOC036,LOC001,3.49,7.2,1.17
LOC036,LOC002,20.51,32.8,1.89
LOC036,LOC003,16.61,26.9,1.73
LOC036,LOC004,24.68,39.0,1.83
LOC036,LOC005,5.32,10.0,1.38
LOC036,LOC006,26.3,41.5,1.81
LOC036,LOC007,19.15,30.7,1.37
LOC036,LOC008,3.43,7.1,1.48
LOC036,LOC009,24.16,38.2,1.88
LOC036,LOC010,5.35,10.0,1.52
LOC036,LOC011,8.68,15.0,2.46
LOC036,LOC012,9.27,15.9,2.08
LOC036,LOC013,8.39,14.6,2.42
LOC036,LOC014,7.14,12.7,1.64
LOC036,LOC015,16.9,27.3,2.42
LOC036,LOC016,1.54,4.3,1.32
LOC036,LOC017,14.37,23.6,1.28
LOC036,LOC018,12.5,20.8,1.99
LOC036,LOC019,9.45,16.2,2.09
LOC036,LOC020,16.37,26.6,2.06
LOC036,LOC021,4.33,8.5,1.85
LOC036,LOC022,16.47,26.7,1.64
LOC036,LOC023,7.28,12.9,2.08
LOC036,LOC024,4.08,8.1,1.01
LOC036,LOC025,4.44,8.7,1.92
LOC036,LOC026,8.75,15.1,1.98
LOC036,LOC027,8.84,15.3,2.47
LOC036,LOC028,22.88,36.3,1.26
LOC036,LOC029,25.46,40.2,1.67
LOC036,LOC030,16.49,26.7,1.41
LOC036,LOC031,2.1,5.2,1.78
LOC036,LOC032,8.45,14.7,2.49
LOC036,LOC033,15.85,25.8,2.05
LOC036,LOC034,16.18,26.3,1.9
LOC036,LOC035,5.02,9.5,1.65
LOC036,LOC037,2.43,5.6,2.1
LOC036,LOC038,14.48,23.7,2.27
LOC036,LOC039,16.62,26.9,2.22
LOC036,LOC040,25.49,40.2,1.36
LOC037,DEPOT,8.46,14.7,1.66
LOC037,LOC001,4.77,9.2,2.16
LOC037,LOC002,20.79,33.2,1.39
LOC037,LOC003,15.53,25.3,1.07
LOC037,LOC004,23.23,36.8,2.21
LOC037,LOC005,3.97,8.0,2.07
LOC037,LOC006,25.57,40.4,1.99
LOC037,LOC007,18.85,30.3,1.01
LOC037,LOC008,2.17,5.3,1.04
LOC037,LOC009,22.85,36.3,1.07
LOC037,LOC010,3.15,6.7,1.39
LOC037,LOC011,6.28,11.4,2.33
LOC037,LOC012,9.24,15.9,2.23
LOC037,LOC013,9.92,16.9,1.16
LOC037,LOC014,5.96,10.9,2.17
LOC037,LOC015,16.98,27.5,1.02
LOC037,LOC016,2.47,5.7,1.28
LOC037,LOC017,13.99,23.0,1.24
LOC037,LOC018,14.5,23.8,2.03
LOC037,LOC019,9.42,16.1,1.11
LOC037,LOC020,13.95,22.9,1.76
LOC037,LOC021,6.71,12.1,1.16
LOC037,LOC022,18.43,29.6,1.98
LOC037,LOC023,6.37,11.6,1.53
LOC037,LOC024,6.22,11.3,2.36
LOC037,LOC025,6.84,12.3,2.45
LOC037,LOC026,7.11,12.7,1.43
LOC037,LOC027,9.35,16.0,2.27
LOC037,LOC028,20.82,33.2,1.26
LOC037,LOC029,24.11,38.2,1.8
LOC037,LOC030,16.52,26.8,2.35
LOC037,LOC031,4.34,8.5,1.64
LOC037,LOC032,6.49,11.7,1.78
LOC037,LOC033,15.88,25.8,1.17
LOC037,LOC034,15.56,25.3,1.46
LOC037,LOC035,3.45,7.2,1.99
LOC037,LOC036,2.43,5.6,2.2
LOC037,LOC038,12.28,20.4,2.46
LOC037,LOC039,14.22,23.3,1.63
LOC037,LOC040,24.3,38.5,1.75
LOC038,DEPOT,6.88,12.3,1.42
LOC038,LOC001,14.46,23.7,2.14
LOC038,LOC002,20.65,33.0,2.23
LOC038,LOC003,9.93,16.9,1.85
LOC038,LOC004,13.7,22.6,2.3
LOC038,LOC005,13.39,22.1,1.39
LOC038,LOC006,19.48,31.2,1.33
LOC038,LOC007,16.31,26.5,1.97
LOC038,LOC008,11.21,18.8,2.19
LOC038,LOC009,14.09,23.1,2.3
LOC038,LOC010,9.16,15.7,1.75
LOC038,LOC011,8.4,14.6,2.12
LOC038,LOC012,12.48,20.7,1.76
LOC038,LOC013,17.9,28.8,1.71
LOC038,LOC014,14.43,23.6,2.04
LOC038,LOC015,16.87,27.3,2.43
LOC038,LOC016,13.54,22.3,1.67
LOC038,LOC017,12.86,21.3,2.32
LOC038,LOC018,23.3,37.0,1.38
LOC038,LOC019,12.53,20.8,1.46
LOC038,LOC020,5.45,10.2,1.03
LOC038,LOC021,18.77,30.2,1.28
LOC038,LOC022,26.55,41.8,2.17
LOC038,LOC023,15.28,24.9,1.05
LOC038,LOC024,18.48,29.7,2.47
LOC038,LOC025,18.36,29.5,1.81
LOC038,LOC026,6.73,12.1,2.14
LOC038,LOC027,14.35,23.5,2.1
LOC038,LOC028,8.7,15.0,2.01
LOC038,LOC029,15.0,24.5,2.02
LOC038,LOC030,16.33,26.5,1.77
LOC038,LOC031,15.75,25.6,1.49
LOC038,LOC032,6.22,11.3,1.38
LOC038,LOC033,15.88,25.8,2.1
LOC038,LOC034,12.51,20.8,2.34
LOC038,LOC035,12.85,21.3,2.15
LOC038,LOC036,14.48,23.7,1.61
LOC038,LOC037,12.28,20.4,1.1
LOC038,LOC039,4.52,8.8,2.41
LOC038,LOC040,15.95,25.9,1.49
LOC039,DEPOT,10.97,18.5,1.88
LOC039,LOC001,17.42,28.1,1.57
LOC039,LOC002,25.17,39.8,1.62
LOC039,LOC003,14.36,23.5,2.1
LOC039,LOC004,16.82,27.2,1.01
LOC039,LOC005,14.06,23.1,1.88
LOC039,LOC006,23.47,37.2,2.07
LOC039,LOC007,20.81,33.2,2.37
LOC039,LOC008,13.76,22.6,1.58
LOC039,LOC009,17.53,28.3,1.47
LOC039,LOC010,11.39,19.1,1.03
LOC039,LOC011,8.67,15.0,1.46
LOC039,LOC012,16.55,26.8,2.32
LOC039,LOC013,21.48,34.2,1.97
LOC039,LOC014,14.5,23.8,2.01
LOC039,LOC015,21.38,34.1,1.25
LOC039,LOC016,16.02,26.0,2.2
LOC039,LOC017,17.37,28.1,2.22
LOC039,LOC018,26.86,42.3,2.13
LOC039,LOC019,16.62,26.9,2.4
LOC039,LOC020,1.28,3.9,1.72
LOC039,LOC021,20.92,33.4,2.11
LOC039,LOC022,30.32,47.5,1.4
LOC039,LOC023,15.36,25.0,1.9
LOC039,LOC024,20.33,32.5,2.33
LOC039,LOC025,20.88,33.3,1.52
LOC039,LOC026,10.41,17.6,1.88
LOC039,LOC027,18.28,29.4,1.69
LOC039,LOC028,9.7,16.5,1.84
LOC039,LOC029,18.23,29.3,1.21
LOC039,LOC030,20.83,33.2,2.12
LOC039,LOC031,18.25,29.4,1.73
LOC039,LOC032,9.39,16.1,1.1
LOC039,LOC033,20.38,32.6,2.22
LOC039,LOC034,17.02,27.5,1.49
LOC039,LOC035,13.66,22.5,1.09
LOC039,LOC036,16.62,26.9,1.3
LOC039,LOC037,14.22,23.3,1.5
LOC039,LOC038,4.52,8.8,1.26
LOC039,LOC040,19.44,31.2,1.41
LOC040,DEPOT,15.86,25.8,1.17
LOC040,LOC001,23.29,36.9,2.26
LOC040,LOC002,14.61,23.9,1.08
LOC040,LOC003,8.9,15.4,2.08
LOC040,LOC004,3.14,6.7,2.21
LOC040,LOC005,27.15,42.7,2.42
LOC040,LOC006,5.4,10.1,1.86
LOC040,LOC007,10.26,17.4,1.98
LOC040,LOC008,22.28,35.4,2.04
LOC040,LOC009,1.92,4.9,1.92
LOC040,LOC010,21.63,34.4,1.62
LOC040,LOC011,23.41,37.1,1.34
LOC040,LOC012,17.41,28.1,1.98
LOC040,LOC013,23.17,36.8,2.37
LOC040,LOC014,28.76,45.1,1.97
LOC040,LOC015,13.63,22.4,1.54
LOC040,LOC016,24.01,38.0,1.25
LOC040,LOC017,12.63,20.9,1.93
LOC040,LOC018,27.27,42.9,1.89
LOC040,LOC019,17.28,27.9,1.61
LOC040,LOC020,20.69,33.0,2.0
LOC040,LOC021,28.78,45.2,1.98
LOC040,LOC022,28.64,45.0,2.33
LOC040,LOC023,29.52,46.3,1.07
LOC040,LOC024,29.3,46.0,1.62
LOC040,LOC025,27.48,43.2,2.3
LOC040,LOC026,17.31,28.0,2.15
LOC040,LOC027,19.11,30.7,1.99
LOC040,LOC028,11.9,19.9,1.45
LOC040,LOC029,1.82,4.7,1.56
LOC040,LOC030,13.47,22.2,1.64
LOC040,LOC031,25.54,40.3,2.19
LOC040,LOC032,18.38,29.6,1.65
LOC040,LOC033,13.7,22.6,1.97
LOC040,LOC034,10.35,17.5,1.19
LOC040,LOC035,26.52,41.8,2.44
LOC040,LOC036,25.49,40.2,1.7
LOC040,LOC037,24.3,38.5,2.1
LOC040,LOC038,15.95,25.9,1.11
LOC040,LOC039,19.44,31.2,2.45
